0.859784483,0.886146254,0.912508024,0.951428992,0.989272881,1.021930747,1.069618873,1.12097947,1.159419745,1.203504682,1.247589619,1.291674555,1.351627925,1.38922655,1.418624724,1.451164588,1.496780942,1.544461427,1.578230882,1.602916971,1.627373153,1.651829335,1.676285518,1.7007417,1.749136266,1.78700669,1.826955307,1.853052324,1.87710114,1.909458339,1.944689226,1.974649707,2.01465811,2.036245199,2.055988433,2.076060703,2.096132972,2.116205241,2.13627751,2.156349779,2.222079857,2.256176444,2.289084629,2.310884563,2.33627677,2.343125532,2.366047703,2.402410024,2.421099643,2.456056353,2.492915068,2.529722666,2.578226955,2.618626268,2.643633666,2.674725102,2.67389486,2.704879813,2.728722621,2.756135888,2.795971938,2.811266489,2.813590872,2.83638816,2.886963421,2.905853608,2.925157208,2.96109972,2.994752968,3.013614925,3.010856583,3.020413371,3.036038043,3.054228816,3.075076295
0.685553441,0.707742099,0.729930757,0.760525801,0.800418563,0.856689472,0.901107396,0.945297755,0.973934428,0.980632888,0.987331348,0.994029808,1.021086461,1.067469969,1.142562179,1.193850463,1.240165951,1.286481439,1.330333283,1.339977249,1.350184298,1.360391346,1.370598394,1.380805443,1.391012491,1.386555148,1.431061497,1.502167657,1.53975144,1.580321833,1.620892226,1.661462619,1.698962804,1.723098017,1.740807873,1.758517728,1.776227584,1.79393744,1.803051715,1.770173718,1.737245804,1.735670243,1.792514295,1.862842552,1.885836521,1.963254586,2.001307411,2.022457811,2.043608211,2.062561697,2.088495296,2.123083809,2.163006107,2.199970881,2.226692926,2.236561374,2.265182045,2.302887945,2.338209222,2.365069082,2.411366639,2.430481842,2.488033578,2.55203478,2.568987483,2.604430095,2.63505323,2.705692005,2.706825326,2.716379441,2.732461849,2.751221291,2.772454451,2.850053029,2.936797553
0.5510235,0.580307796,0.603287343,0.608444978,0.637399084,0.681589443,0.725779803,0.769970162,0.805603366,0.812301825,0.819000285,0.823495255,0.829174192,0.842909751,0.889225239,0.935540727,0.981856215,1.028171703,1.074487191,1.091516568,1.101723616,1.111930665,1.121225595,1.110089923,1.118258517,1.126427111,1.14011869,1.177957841,1.218528234,1.259098628,1.299669021,1.340239414,1.380809807,1.418292698,1.427195899,1.444905755,1.462290372,1.432834178,1.404835938,1.398765888,1.398247951,1.397730015,1.426662748,1.508523702,1.578866934,1.600017334,1.621167735,1.642318135,1.663468536,1.684618936,1.703845079,1.720775412,1.74778526,1.77866075,1.799502289,1.838372327,1.880123127,1.923123318,2.009142407,2.024575523,2.100349552,2.198215952,2.212817758,2.247381361,2.279447728,2.378014715,2.402794069,2.412345511,2.428885655,2.448599447,2.492783908,2.578566768,2.675617461,2.761016132,2.847445173
0.457040205,0.469249296,0.486237054,0.503224811,0.522518187,0.546718024,0.570941808,0.595165592,0.637272303,0.63908184,0.6519854,0.666180637,0.680375875,0.694826966,0.715029027,0.736388432,0.757747837,0.779107242,0.816177454,0.843055887,0.847872376,0.861058089,0.877934512,0.894931258,0.911928004,0.92892475,0.945992607,0.964895122,0.984902877,1.004910632,1.024918387,1.044926142,1.059586602,1.100156995,1.113583925,1.105797765,1.111616633,1.120795366,1.132660298,1.140671962,1.148683625,1.156695289,1.164706953,1.177576857,1.198727258,1.219877658,1.241028059,1.262178459,1.28332886,1.30447926,1.325629661,1.336960497,1.332265897,1.362218949,1.424558286,1.481177553,1.586211531,1.620330229,1.712665527,1.821237296,1.856648034,1.890332627,1.951770438,2.050337425,2.099927116,2.108311582,2.125309461,2.145977603,2.222700732,2.307611539,2.402941913,2.503061009,2.585234712,2.654141953,2.798376841
0.364035272,0.378920253,0.396715309,0.417317502,0.437971868,0.460958934,0.483533069,0.505388646,0.513742034,0.515321711,0.530571311,0.546663727,0.565716758,0.584769789,0.60439426,0.62458695,0.644879471,0.665323838,0.685768205,0.678499608,0.682481368,0.699805306,0.717129244,0.735537859,0.756079186,0.776620513,0.79716184,0.81702216,0.833621638,0.850221115,0.867810341,0.886653807,0.905497274,0.912735754,0.901354851,0.898790737,0.91845461,0.938118483,0.955895232,0.9640302,0.972165168,0.980300137,0.988435105,0.996570074,1.008653068,1.020784116,1.032915164,1.045785983,1.059411563,1.073037144,1.086662725,1.082808068,1.067475384,1.0521427,1.144265767,1.216764208,1.324981501,1.43355327,1.500478309,1.531408304,1.624093148,1.722660136,1.797647476,1.804277652,1.822122598,1.867706747,1.952617555,2.037528362,2.131455652,2.227317058,2.330504557,2.409453291,2.478360533,2.555099559,2.760866169
0.315822339,0.325714953,0.339490642,0.356088501,0.372686361,0.394104519,0.417112252,0.440205741,0.445603968,0.448466369,0.463537141,0.47972391,0.494652723,0.504796223,0.516740697,0.538238838,0.559736979,0.58122092,0.593279032,0.588729859,0.591556158,0.610073185,0.628590211,0.647107237,0.665624264,0.678208719,0.68986388,0.701519042,0.718296133,0.736988351,0.755680569,0.774372788,0.794319872,0.793630883,0.787661509,0.784826298,0.792293087,0.803356126,0.814419165,0.825482203,0.836509431,0.843649388,0.850789344,0.857929301,0.868127351,0.882564627,0.897001904,0.91143918,0.925876457,0.940653289,0.953023141,0.939631476,0.926239812,0.919627412,0.937297475,1.045869244,1.145258749,1.197848871,1.296415858,1.394982846,1.493549833,1.500243722,1.519500754,1.59762357,1.682534378,1.767445186,1.859969391,1.955830797,2.054657359,2.157948104,2.233671871,2.302579112,2.371486354,2.484786956,2.726153177
0.276032448,0.284635284,0.296172575,0.307709867,0.319247158,0.336246951,0.360382803,0.38440021,0.388190552,0.391980894,0.400727459,0.411352249,0.42197704,0.432601831,0.442707203,0.461234185,0.483486684,0.505739183,0.515150388,0.518242723,0.521335059,0.531270702,0.543369573,0.555468444,0.567567316,0.579666187,0.591765058,0.60386393,0.61616969,0.636683079,0.65768159,0.678680102,0.694863984,0.691831266,0.688798548,0.68576583,0.687268739,0.694845403,0.702422067,0.709998731,0.717575394,0.725152058,0.732728722,0.740305386,0.746144702,0.760331975,0.776664305,0.792996635,0.809328965,0.825661294,0.82812168,0.822428255,0.81673483,0.811041405,0.805347979,0.870171581,0.968738568,1.067305556,1.165872544,1.196390106,1.242629586,1.327540393,1.412451201,1.497362009,1.588483129,1.684344536,1.780205942,1.882100907,1.985391652,2.05789045,2.126797692,2.195704934,2.267036937,2.427611028,2.692589663
0.244094397,0.252932428,0.261160772,0.269389117,0.27937464,0.293193054,0.314691505,0.333118463,0.340754972,0.348133299,0.356936279,0.367561069,0.376407574,0.38318251,0.389957445,0.402892707,0.422131696,0.441389819,0.449754548,0.456908194,0.46406184,0.473240246,0.485339117,0.497437989,0.5082673,0.517053236,0.525839171,0.534625106,0.543411041,0.560143388,0.578109648,0.596260551,0.605638084,0.608713668,0.610667954,0.61262224,0.614576526,0.621974876,0.629551539,0.637128203,0.642548429,0.645856449,0.649164469,0.652472488,0.655780508,0.662962659,0.678510857,0.694059054,0.709781794,0.723573802,0.724739956,0.724354936,0.722703497,0.721052058,0.719400619,0.739628266,0.838195254,0.893023906,0.972546409,1.057457217,1.142368024,1.227278832,1.316996868,1.412858275,1.508719681,1.606253709,1.709544454,1.8128352,1.88210903,1.951016271,2.019923513,2.088830755,2.187348163,2.384146637,2.658728135
0.212849054,0.223101338,0.230505829,0.238722156,0.246947453,0.255172751,0.27502489,0.28890714,0.296906148,0.305048333,0.314381955,0.320127002,0.327247528,0.334579652,0.341911777,0.35012926,0.367553399,0.382218901,0.390831825,0.399444748,0.4082513,0.417481236,0.424589731,0.431862676,0.440928388,0.449994099,0.459059811,0.468125523,0.477191234,0.489130781,0.506699416,0.523609954,0.527481278,0.531352602,0.535223926,0.539095249,0.545414313,0.55050101,0.554840243,0.559179476,0.563518709,0.567857942,0.572197175,0.576536408,0.579257461,0.580933677,0.590466861,0.604383991,0.618307641,0.623328821,0.624895195,0.626461569,0.628027943,0.629594317,0.632079372,0.635391472,0.702463232,0.78737404,0.872284847,0.957195655,1.045510607,1.141372014,1.23723342,1.333094827,1.433697257,1.536988002,1.637420367,1.706327609,1.775234851,1.844142093,1.913049334,1.984508232,2.122128738,2.340682247,2.62459414
0.186260025,0.196505174,0.204052059,0.211456549,0.21886104,0.226719139,0.237866761,0.251162249,0.261577297,0.271992344,0.282219859,0.287964907,0.293709954,0.299455002,0.305342024,0.3120482,0.322639747,0.335136723,0.345203726,0.354796799,0.364389873,0.373982947,0.381332417,0.388440913,0.395549408,0.402657904,0.4097664,0.416872426,0.423869475,0.430866524,0.442516444,0.453814352,0.463047378,0.469388286,0.475729194,0.482070102,0.48841101,0.494129377,0.49846861,0.502807843,0.507147076,0.509183998,0.510860214,0.512536431,0.515807967,0.52053401,0.525260052,0.534564643,0.54121764,0.547870636,0.551495875,0.554807975,0.558120075,0.561432175,0.564744275,0.568056375,0.602201671,0.687112478,0.774024346,0.869885752,0.965747159,1.061608565,1.157850059,1.261140805,1.36443155,1.461638947,1.530546189,1.59945343,1.668360672,1.737267914,1.806175156,1.898202986,2.063930475,2.304482543,2.590460146
0.162401775,0.170583648,0.180040393,0.189958236,0.199876079,0.209179653,0.217393237,0.225606822,0.233820406,0.24203399,0.250247575,0.257778135,0.265430413,0.27308269,0.280734968,0.286864304,0.29203102,0.297197735,0.30458922,0.313327991,0.322066762,0.330805532,0.339186826,0.347384532,0.355582238,0.363779944,0.37197765,0.380175356,0.387488557,0.392962177,0.398435798,0.403909418,0.409426755,0.415215213,0.421003671,0.426792129,0.432580588,0.438369046,0.443582543,0.448794024,0.454005506,0.459216988,0.46442847,0.469639952,0.474851434,0.478353898,0.480869696,0.483385494,0.485901291,0.488417089,0.490830402,0.49316026,0.495490117,0.497819975,0.500149832,0.50247969,0.504809548,0.598399491,0.694260898,0.790122304,0.885983711,0.985293607,1.088584352,1.191875098,1.285857526,1.354764768,1.42367201,1.492579252,1.561486493,1.630393735,1.701979528,1.819596767,2.013380825,2.26887124,2.555195159
0.149342916,0.156469349,0.165451362,0.175369205,0.18429805,0.192511634,0.200725219,0.208413193,0.214963534,0.221513875,0.228064216,0.23535988,0.243012158,0.250393158,0.255559873,0.260726589,0.265893304,0.271060019,0.276226734,0.28139345,0.289567062,0.298305833,0.306806042,0.315003748,0.323201454,0.33139916,0.337958088,0.343431708,0.348905329,0.354378949,0.359852569,0.36532619,0.37079981,0.37627343,0.381747051,0.387481132,0.393269591,0.399058049,0.404436127,0.409647608,0.41485909,0.420070572,0.424608383,0.427124181,0.429639979,0.432155777,0.434671575,0.437187373,0.43970317,0.442218968,0.444734766,0.447250564,0.449766362,0.452171451,0.454501309,0.456831166,0.459161024,0.518636043,0.614497449,0.710358856,0.812737155,0.9160279,1.019318645,1.110076106,1.178983348,1.247890589,1.316797831,1.385705073,1.454612315,1.523519556,1.609057809,1.759470521,1.969916434,2.233259936,2.518953762
0.135132427,0.14225886,0.150862331,0.159416447,0.166534571,0.173084912,0.179635253,0.186185594,0.192735935,0.199286276,0.205836617,0.212941625,0.219088727,0.224255442,0.229422158,0.234588873,0.239755588,0.244922303,0.250089019,0.255255734,0.260422449,0.265806133,0.274425258,0.282622964,0.288427619,0.29390124,0.29937486,0.30484848,0.310322101,0.315795721,0.321269341,0.326742962,0.332216582,0.337690202,0.343163823,0.348637443,0.354111063,0.359747052,0.365289711,0.370501193,0.373378667,0.375894465,0.378410262,0.38092606,0.383441858,0.385957656,0.388473454,0.390989252,0.393505049,0.396020847,0.398536645,0.401052443,0.403568241,0.406084039,0.408599836,0.411115634,0.4135125,0.438872595,0.536889957,0.640180703,0.743471448,0.846762193,0.934294685,1.003201927,1.072109169,1.141016411,1.209923652,1.278830894,1.347738136,1.419450823,1.53045159,1.701272257,1.926452043,2.198961142,2.482712365
0.124108087,0.129595386,0.135144438,0.141694779,0.14824512,0.154795461,0.161345802,0.167896143,0.174446484,0.180996825,0.186165754,0.191187807,0.196354522,0.201521237,0.206687952,0.211854668,0.217021383,0.222188098,0.227354813,0.232521529,0.237688244,0.242079399,0.246405199,0.251878819,0.25735244,0.26282606,0.26829968,0.273773301,0.279246921,0.284720541,0.290194162,0.295667782,0.301141402,0.306615023,0.312088643,0.317562263,0.321919927,0.326037821,0.329925112,0.33244091,0.334956708,0.337472506,0.339988303,0.342504101,0.345019899,0.347535697,0.350051495,0.352567293,0.35508309,0.357598888,0.360114686,0.362630484,0.365146282,0.36766208,0.370098596,0.372043464,0.373988332,0.3759332,0.46762425,0.570914996,0.674205741,0.758513265,0.827420507,0.896327748,0.96523499,1.034142232,1.103049474,1.171956715,1.240863957,1.319912631,1.455010567,1.643073993,1.883710219,2.165397629,2.446470968
0.111211629,0.116106849,0.121436852,0.127987193,0.134537534,0.141087875,0.147627693,0.152577762,0.15752783,0.162477899,0.167427968,0.172413438,0.177580154,0.182746869,0.187913584,0.193080299,0.198247015,0.20270093,0.207022359,0.211343788,0.215665217,0.219986646,0.224308075,0.229538929,0.23501255,0.24048617,0.24595979,0.251433411,0.256907031,0.262380651,0.26739183,0.271509724,0.275627619,0.279745513,0.283863408,0.287981302,0.292099197,0.296217091,0.300334986,0.303066178,0.305581976,0.308097774,0.310613572,0.31312937,0.315645168,0.318160965,0.320676763,0.323192561,0.325239446,0.327184314,0.329129182,0.33107405,0.333018918,0.334963785,0.336908653,0.338853521,0.340798389,0.342743257,0.398358543,0.501649289,0.582731844,0.651639086,0.720546328,0.78945357,0.858360811,0.927268053,0.996175295,1.065082537,1.136922118,1.241306413,1.396812304,1.599150622,1.848098916,2.131834115,2.410229571
0.097723093,0.102618313,0.107729265,0.1140397,0.118989769,0.123939838,0.128889907,0.133839975,0.138790044,0.143740113,0.148690182,0.153640251,0.158805785,0.163322462,0.16764389,0.171965319,0.176286748,0.180608177,0.184929606,0.189251035,0.193572464,0.197893893,0.202215322,0.207199039,0.21267266,0.216981627,0.221099522,0.225217416,0.229335311,0.233453205,0.2375711,0.241688994,0.245806889,0.249924783,0.254042678,0.258160572,0.262278467,0.266396361,0.270514256,0.273691447,0.276207245,0.278435429,0.280380296,0.282325164,0.284270032,0.2862149,0.288159768,0.290104636,0.292049503,0.293994371,0.295939239,0.297884107,0.299828975,0.301773843,0.30371871,0.305663578,0.307608446,0.309553314,0.329092836,0.406950424,0.475857666,0.544764907,0.613672149,0.682579391,0.751486633,0.820393874,0.889301116,0.958208358,1.033204297,1.162700194,1.33861404,1.555686231,1.812487613,2.098270602,2.373988174
0.08985608,0.093240681,0.096625283,0.101556753,0.106506821,0.11145689,0.116406959,0.121357028,0.126307097,0.13095092,0.134950073,0.138949226,0.143210419,0.147531848,0.151853276,0.156174705,0.160496134,0.164817563,0.169138992,0.173460421,0.17729915,0.180616021,0.183932893,0.187525563,0.191643457,0.195761352,0.199879246,0.203997141,0.208115035,0.21223293,0.216350824,0.220468719,0.224586613,0.228704508,0.232822402,0.236387571,0.239691067,0.242994564,0.246298061,0.249210257,0.251155125,0.253099993,0.255044861,0.256989729,0.258934597,0.260879464,0.262824332,0.2647692,0.266714068,0.268658936,0.270603804,0.272548671,0.274493539,0.276375066,0.277803376,0.279231686,0.280659996,0.282088307,0.283516617,0.300076245,0.368983487,0.437890729,0.50679797,0.575705212,0.644612454,0.713519696,0.782426937,0.854393413,0.952161235,1.09235235,1.280415776,1.51222184,1.77687631,2.064707088,2.336107348
0.080274153,0.083658754,0.087043356,0.091745575,0.096695644,0.101645713,0.105915037,0.109914189,0.113913342,0.117912495,0.121911648,0.1259108,0.130111779,0.134433208,0.138754637,0.143076066,0.146675207,0.149992079,0.15330895,0.156625821,0.159942692,0.163259564,0.166576435,0.169978993,0.174096887,0.178214782,0.182332676,0.186450571,0.190568465,0.194167725,0.197471221,0.200774718,0.204078215,0.207381712,0.210685208,0.213988705,0.217292202,0.220595698,0.223899195,0.227202692,0.229174762,0.23111963,0.233064498,0.235009366,0.236954234,0.238899101,0.240669545,0.242097855,0.243526165,0.244954475,0.246382785,0.247811095,0.249239405,0.250667716,0.252096026,0.253524336,0.254952646,0.256380956,0.257809266,0.259655311,0.26213532,0.33101655,0.399923792,0.468831033,0.537738275,0.606645517,0.675582529,0.750675593,0.873555017,1.034154086,1.228384809,1.468757449,1.741265007,2.030646497,2.298220702
0.071071905,0.074456507,0.077781886,0.081492535,0.085491688,0.08949084,0.093489993,0.097489146,0.101488298,0.105487451,0.109486604,0.113485955,0.116772959,0.120089831,0.123406702,0.126723573,0.130040445,0.133357316,0.136674187,0.139991058,0.14330793,0.146624801,0.149941672,0.15320466,0.156129613,0.15943311,0.162736607,0.166040104,0.1693436,0.172647097,0.175950594,0.17925409,0.182557587,0.185861084,0.18916458,0.192468077,0.195771574,0.199075071,0.202378567,0.2056231,0.20718454,0.20861285,0.21004116,0.21146947,0.21289778,0.21432609,0.2157544,0.21718271,0.21861102,0.220039331,0.221467641,0.222895951,0.224324261,0.225752571,0.227180881,0.228609191,0.230037501,0.231465811,0.232894121,0.23438955,0.236013727,0.238493736,0.293049613,0.361956855,0.430864096,0.499771338,0.571864709,0.663016058,0.794948798,0.975955822,1.184920418,1.427326593,1.705653704,1.996512502,2.260334057
0.064025452,0.067098058,0.070170664,0.073693312,0.077692464,0.081691617,0.08569077,0.089723497,0.093775326,0.096964893,0.101006906,0.105048919,0.107892579,0.108897732,0.112214603,0.115531474,0.118848345,0.122165217,0.125482088,0.128798959,0.131974448,0.135115808,0.138257169,0.141398529,0.140683169,0.144535717,0.147839214,0.15114271,0.154446207,0.157749704,0.1610532,0.164356697,0.167660194,0.17096369,0.174203604,0.177307967,0.180412331,0.183516695,0.186621058,0.189725422,0.191947373,0.190190213,0.191100439,0.192528749,0.193957059,0.195385369,0.196813679,0.198241989,0.199670299,0.201098609,0.20252692,0.20395523,0.20538354,0.206878709,0.208396326,0.209913943,0.21143156,0.212949177,0.214466794,0.215984411,0.21644581,0.214714279,0.214852153,0.255082676,0.323989918,0.393053824,0.468146888,0.584409839,0.729694133,0.917757559,1.141456027,1.39171529,1.671769108,1.962378508,2.222447411
0.056055807,0.059236084,0.063024612,0.066291739,0.070012868,0.073843068,0.076489512,0.080531525,0.084573538,0.088615551,0.092591383,0.096422242,0.100253101,0.098424734,0.101022504,0.104339375,0.107602875,0.110744236,0.113885596,0.117026957,0.120168317,0.123247778,0.126063869,0.128791669,0.130830342,0.127135215,0.13294182,0.136245317,0.139548814,0.142784107,0.14588847,0.148992834,0.152097198,0.155201561,0.158305925,0.161410289,0.164488815,0.167167714,0.169846613,0.173136388,0.176842528,0.17694417,0.176255098,0.173588028,0.175016338,0.176444648,0.177872958,0.179367867,0.180885484,0.182403102,0.183920719,0.185438336,0.186955953,0.18847357,0.189991187,0.191508285,0.192889751,0.194271218,0.195654696,0.197086953,0.198519211,0.198388512,0.197583368,0.193921159,0.217115739,0.289336004,0.37387088,0.505803621,0.671495869,0.859559295,1.097991637,1.356103987,1.638205594,1.928244513,2.184560765
0.052138432,0.054502695,0.056866957,0.05923122,0.061525782,0.063009459,0.06683216,0.070654861,0.074477562,0.07849411,0.082622498,0.086750885,0.088459288,0.088678275,0.087032424,0.089893549,0.09270964,0.09547451,0.098096671,0.100718833,0.10392876,0.107265853,0.110602946,0.11382862,0.115497994,0.116323894,0.113831952,0.115799524,0.118478423,0.121157323,0.123836222,0.127470296,0.131176436,0.134882577,0.13872929,0.14273627,0.146743249,0.150750229,0.154757208,0.158473142,0.160112019,0.161750897,0.160830858,0.156665673,0.15457636,0.155957826,0.157339293,0.158720759,0.160102226,0.161534225,0.162966482,0.164398739,0.165830997,0.167461827,0.16913443,0.170807032,0.172479634,0.174152236,0.175824839,0.17715036,0.177971765,0.178793171,0.178925629,0.1754677,0.173303522,0.185618183,0.295264662,0.427197402,0.613297605,0.814154606,1.054527246,1.320492684,1.604642081,1.894110519,2.14667412
0.043676575,0.046040838,0.048404907,0.050365582,0.052326257,0.054871104,0.058999492,0.063127879,0.067256267,0.070077895,0.070296883,0.070515871,0.071616657,0.073729423,0.075842188,0.078376727,0.08171382,0.085050914,0.088388007,0.0917251,0.094323084,0.095992458,0.097661832,0.099331206,0.10100058,0.102669953,0.104075545,0.100370752,0.103901535,0.107908514,0.111915494,0.115922474,0.119929453,0.123936433,0.127943412,0.129669974,0.131308851,0.132947729,0.134586607,0.136225484,0.137864362,0.13950324,0.141142118,0.14271701,0.138657994,0.137863195,0.139535797,0.141208399,0.142881002,0.144553604,0.146226206,0.147898808,0.149571411,0.151080258,0.151901664,0.152723069,0.153544474,0.15436588,0.155187285,0.15600869,0.156830096,0.157651501,0.158472906,0.159294312,0.158736028,0.155278099,0.216658443,0.367035915,0.555099341,0.770690215,1.011062855,1.284881381,1.571078567,1.859976524,2.108787474
0.037763008,0.039723683,0.041684358,0.043645033,0.045605708,0.047761649,0.051696503,0.052466514,0.05457928,0.056692045,0.058804811,0.060917576,0.063030341,0.065143107,0.067255872,0.069510161,0.072847254,0.074817548,0.076486922,0.078156296,0.07982567,0.081495044,0.083164418,0.084833792,0.086503166,0.088172539,0.089841913,0.091511287,0.093115657,0.097122637,0.099227928,0.100866806,0.102505684,0.104144561,0.105783439,0.107422317,0.109061194,0.110700072,0.11233895,0.113977827,0.115616705,0.117255583,0.11889446,0.120533338,0.122172216,0.12164538,0.123317983,0.124990585,0.125831562,0.126652967,0.127474373,0.128295778,0.129117183,0.129938589,0.130759994,0.131581399,0.132402805,0.13322421,0.134045615,0.134867021,0.135688426,0.136509831,0.137331237,0.138152642,0.138974047,0.139795453,0.138546427,0.308837652,0.496901078,0.727225824,0.970942967,1.249270078,1.537515054,1.82584253,2.070900829
0.033578169,0.035538844,0.037499519,0.039460194,0.04139249,0.043301341,0.045406983,0.047519748,0.049632514,0.051745279,0.053858044,0.05597081,0.058083575,0.060196341,0.061389363,0.062299407,0.063935441,0.065604815,0.067274189,0.068943563,0.070612937,0.072282311,0.073951685,0.075621058,0.077290432,0.078959806,0.08021088,0.081287474,0.082614215,0.084253093,0.085891971,0.087530848,0.089169726,0.090808604,0.092447481,0.094086359,0.095725237,0.097364114,0.099002992,0.10064187,0.102280748,0.103919625,0.10553207,0.106890548,0.108249025,0.109607503,0.110466947,0.111288352,0.112109757,0.112931163,0.113752568,0.114573973,0.115395379,0.116216784,0.117038189,0.117859595,0.118681,0.119502405,0.120323811,0.121145216,0.121966622,0.122788027,0.123609432,0.124342169,0.124987446,0.125632724,0.126278002,0.250639388,0.443388793,0.683761433,0.935331664,1.213658775,1.50395154,1.790781475,2.033014183
0.03081646,0.032777135,0.034689932,0.036598783,0.038507635,0.040416486,0.042502861,0.044615626,0.046728392,0.048841157,0.050953923,0.052503984,0.053414028,0.054324072,0.055234117,0.056144161,0.057688658,0.059358032,0.061027406,0.06269678,0.064366154,0.066035528,0.06765621,0.068732804,0.069809398,0.070885992,0.071962587,0.073039181,0.07427982,0.075918697,0.077557575,0.079196453,0.08083533,0.082474208,0.084113086,0.085751963,0.087390841,0.089029719,0.090433906,0.091792384,0.093150862,0.094509339,0.095867817,0.097226295,0.098584773,0.09994325,0.100909433,0.101730839,0.102552244,0.103373649,0.104195055,0.10501646,0.105837865,0.106659271,0.107480676,0.108302081,0.109123487,0.109900922,0.1105462,0.111191478,0.111836756,0.112482033,0.113127311,0.113772589,0.114417867,0.115063145,0.115708422,0.192441124,0.399924402,0.640297043,0.899720361,1.178140587,1.470388027,1.754540078,1.995127537
0.027987375,0.029896226,0.031805077,0.033713928,0.03562278,0.037531631,0.039598739,0.041711505,0.043618604,0.044528649,0.045438693,0.046348737,0.047258782,0.048168826,0.04907887,0.049988915,0.051441876,0.053111249,0.054780623,0.056178134,0.057254728,0.058331322,0.059407917,0.060484511,0.061561105,0.062637699,0.063714293,0.064790888,0.065945424,0.067584302,0.069223179,0.070862057,0.072500935,0.073977265,0.075335743,0.07669422,0.078052698,0.079411176,0.080769654,0.082128131,0.083486609,0.084845087,0.086203564,0.087562042,0.08892052,0.090278997,0.09135192,0.092173325,0.092994731,0.093816136,0.094637541,0.095458947,0.096104954,0.096750232,0.09739551,0.098040787,0.098686065,0.099331343,0.099976621,0.100621898,0.101267176,0.101912454,0.102557732,0.10320301,0.103848287,0.104493565,0.105138843,0.13424286,0.356460012,0.596832652,0.864109058,1.144577073,1.436698853,1.718298681,1.957240892
0.025168467,0.027077318,0.02898617,0.030895021,0.032803872,0.034712724,0.035925332,0.036835376,0.03774542,0.038655465,0.039565509,0.040475553,0.041385598,0.042295642,0.043205686,0.044115731,0.045064465,0.04614106,0.047217654,0.048294248,0.049370842,0.050447436,0.051524031,0.052600625,0.053677219,0.054753813,0.055830407,0.056907002,0.057926944,0.059278424,0.060636901,0.061995379,0.063353857,0.064712335,0.066070812,0.06742929,0.068787768,0.070146245,0.071504723,0.072863201,0.074221678,0.075580156,0.076938634,0.078297112,0.079655589,0.081014067,0.082116512,0.082761789,0.083407067,0.084052345,0.084697623,0.085342901,0.085988178,0.086633456,0.087278734,0.087924012,0.088569289,0.089214567,0.089859845,0.090505123,0.091150401,0.091795678,0.092440956,0.093086234,0.093731512,0.094376789,0.095022067,0.095598423,0.312995621,0.553368261,0.828497755,1.11101356,1.402564858,1.682057284,1.919354246
0.023241892,0.025150743,0.027059595,0.028968446,0.030836302,0.0326282,0.033868717,0.034778761,0.035688805,0.03659885,0.037508894,0.038418938,0.039328983,0.040239027,0.040912217,0.04134307,0.042111347,0.043187941,0.044264535,0.045341129,0.046417724,0.047494318,0.048570912,0.049647506,0.0507241,0.051800695,0.052740087,0.053434309,0.054128532,0.055416695,0.056775173,0.058133651,0.059492129,0.060850606,0.062209084,0.063567562,0.064926039,0.066284517,0.067642995,0.069001472,0.07035995,0.071718428,0.073076906,0.074390807,0.075682247,0.076973687,0.078126592,0.07877187,0.079417148,0.080062426,0.080707704,0.081352981,0.081998259,0.082643537,0.083288815,0.083934092,0.08457937,0.085224648,0.085869926,0.086515204,0.087160481,0.087805759,0.088451037,0.089096315,0.08937102,0.089620418,0.089869817,0.090119215,0.26953123,0.514559341,0.792886452,1.077450046,1.368430864,1.645815887,1.881467601
0.021315317,0.023224168,0.025133019,0.026935923,0.028727821,0.030519719,0.031812102,0.032722146,0.03363219,0.034542235,0.035452279,0.036362323,0.037145851,0.037576703,0.038007555,0.038438407,0.039158228,0.040234822,0.041311417,0.042388011,0.043464605,0.044541199,0.045617793,0.046694388,0.04755323,0.048247452,0.048941675,0.049635898,0.05033012,0.051554967,0.052913445,0.054271923,0.0556304,0.056988878,0.058347356,0.059705833,0.061064311,0.062422789,0.063781266,0.065139744,0.06644663,0.06773807,0.06902951,0.070320949,0.071612389,0.072903829,0.074136673,0.074781951,0.075427229,0.076072507,0.076717784,0.077363062,0.07800834,0.078653618,0.079298895,0.079944173,0.080589451,0.081234729,0.081880007,0.082525284,0.08289422,0.083143618,0.083393016,0.083642414,0.083891812,0.08414121,0.084390609,0.084640007,0.226066839,0.478948038,0.757275149,1.043886533,1.334296869,1.60957449,1.843580955
0.019388742,0.021243646,0.023035544,0.024827443,0.026619341,0.028411239,0.029755486,0.030665531,0.031575575,0.032485619,0.033379484,0.033810336,0.034241188,0.03467204,0.035102892,0.035533744,0.03620511,0.037281704,0.038358298,0.039434892,0.040511487,0.041588081,0.042366373,0.043060595,0.043754818,0.044449041,0.045143263,0.045837486,0.046531709,0.047693239,0.049051717,0.050410194,0.051768672,0.05312715,0.054485627,0.055844105,0.057202583,0.058502452,0.059793892,0.061085332,0.062376772,0.063668212,0.064959652,0.066251092,0.067542531,0.068833971,0.070125411,0.070792032,0.07143731,0.072082587,0.072727865,0.073373143,0.074018421,0.074663698,0.075308976,0.075954254,0.076417419,0.076666817,0.076916216,0.077165614,0.077415012,0.07766441,0.077913808,0.078163206,0.078412604,0.078662002,0.078911401,0.079160799,0.182602448,0.443336735,0.721663846,1.010323019,1.300162875,1.573333093,1.805694309
0.017343268,0.019135166,0.020927064,0.022718962,0.02451086,0.026302758,0.027698871,0.028608916,0.02951896,0.030043969,0.030474821,0.030905673,0.031336525,0.031767377,0.032198229,0.032629082,0.033251991,0.034328585,0.03540518,0.036481774,0.037179516,0.037873739,0.038567961,0.039262184,0.039956407,0.040650629,0.041344852,0.042039074,0.042733297,0.043831511,0.045189988,0.046548466,0.047906944,0.049265421,0.050558275,0.051849715,0.053141155,0.054432595,0.055724034,0.057015474,0.058306914,0.059598354,0.060889794,0.062181234,0.063472674,0.064764113,0.066055553,0.066802113,0.06744739,0.068092668,0.068737946,0.069383224,0.069940619,0.070190017,0.070439415,0.070688813,0.070938211,0.071187609,0.071437008,0.071686406,0.071935804,0.072185202,0.0724346,0.072683998,0.072933396,0.073182794,0.073432193,0.073681591,0.139138058,0.407725432,0.686052543,0.976759506,1.26602888,1.537091696,1.767807664
0.015234787,0.017026685,0.018818583,0.020610481,0.022402379,0.024194277,0.025642256,0.026277602,0.026708454,0.027139306,0.027570158,0.02800101,0.028431863,0.028862715,0.029293567,0.029724419,0.030298873,0.031298436,0.031992659,0.032686882,0.033381104,0.034075327,0.03476955,0.035463772,0.036157995,0.036852218,0.03754644,0.038240663,0.038934886,0.039969782,0.041322658,0.042614098,0.043905537,0.045196977,0.046488417,0.047779857,0.049071297,0.050362737,0.051654177,0.052945616,0.054237056,0.055528496,0.056819936,0.058111376,0.059402816,0.060694256,0.061985695,0.062812193,0.063457471,0.063713216,0.063962615,0.064212013,0.064461411,0.064710809,0.064960207,0.065209605,0.065459003,0.065708401,0.0659578,0.066207198,0.066456596,0.066705994,0.066955392,0.06720479,0.067454188,0.067703586,0.067952984,0.068202383,0.095673667,0.372114129,0.650948552,0.943195992,1.231894886,1.500850299,1.729676546
0.014266092,0.01605799,0.017849888,0.019641786,0.021433684,0.023203841,0.023713431,0.024144283,0.024575135,0.025005987,0.025436839,0.025867692,0.026298544,0.026729396,0.027160248,0.0275911,0.028246092,0.028940314,0.029634537,0.03032876,0.031022982,0.031717205,0.032411428,0.03310565,0.033799873,0.034494096,0.035188318,0.035882541,0.036528969,0.037412583,0.038704023,0.039995463,0.041286903,0.042578343,0.043869782,0.045161222,0.046452662,0.047744102,0.049035542,0.050326982,0.051618422,0.052909861,0.054201301,0.055492741,0.056784181,0.058075621,0.058653883,0.05902171,0.059271108,0.059520506,0.059769904,0.060019302,0.0602687,0.060518098,0.060767496,0.061016895,0.061266293,0.061515691,0.061765089,0.062014487,0.062263885,0.062513283,0.062762681,0.063012079,0.063261478,0.063510876,0.063760274,0.064064357,0.064401371,0.336502826,0.617385039,0.909632479,1.197760891,1.464608902,1.691505627
0.014217437,0.016009335,0.017801233,0.019593131,0.021137874,0.021687939,0.022202744,0.022633596,0.023064448,0.0234953,0.023926152,0.024357004,0.024787856,0.025218709,0.025714888,0.026381313,0.027050577,0.0277448,0.028439023,0.029133245,0.029827468,0.030521691,0.031215913,0.031910136,0.032604358,0.033298581,0.033983344,0.034557966,0.035132587,0.035965382,0.037256821,0.038548261,0.039839701,0.041131141,0.042422581,0.043714021,0.045005461,0.0462969,0.04758834,0.04887978,0.05017122,0.05146266,0.0527541,0.053804326,0.054360035,0.054915744,0.055471453,0.055867465,0.056116863,0.056366261,0.056615659,0.056865057,0.057114455,0.057363853,0.057613251,0.05786265,0.058112048,0.058361446,0.058610844,0.058860242,0.05910964,0.059359038,0.059608436,0.059857835,0.060149475,0.060486489,0.060823503,0.061160517,0.061497531,0.300891523,0.583821525,0.876068965,1.163626897,1.428367504,1.653334708
0.014168782,0.01596068,0.017752579,0.019071906,0.019621972,0.020172037,0.020692057,0.021122909,0.021553761,0.021984613,0.022415465,0.022846317,0.023277169,0.0238545,0.024520925,0.02518735,0.025855063,0.026549285,0.027243508,0.027937731,0.028631953,0.029326176,0.030020399,0.030714621,0.031408844,0.032012341,0.032586962,0.033161583,0.033736205,0.03451818,0.03580962,0.03710106,0.0383925,0.039683939,0.040975379,0.042266819,0.043558259,0.044849699,0.046141139,0.047432579,0.048724018,0.049510478,0.050066187,0.050621896,0.051177605,0.051733314,0.052289023,0.05271322,0.052962618,0.053212016,0.053461414,0.053710812,0.05396021,0.054209608,0.054459007,0.054708405,0.054957803,0.055207201,0.055456599,0.055705997,0.055955395,0.056234592,0.056571606,0.05690862,0.057245634,0.057582648,0.057919662,0.058256677,0.058593691,0.26528022,0.550258012,0.842505452,1.129492902,1.392126107,1.615163789
0.014120128,0.015912026,0.017005939,0.017556004,0.01810607,0.018656135,0.019181369,0.019612222,0.020043074,0.020473926,0.020904778,0.02133563,0.021994113,0.022660537,0.023326962,0.023993387,0.024659811,0.025353771,0.026047994,0.026742216,0.027436439,0.028130662,0.028824884,0.029466716,0.030041337,0.030615958,0.03119058,0.031765201,0.032339823,0.033070978,0.034362418,0.035653858,0.036945298,0.038236738,0.039528178,0.040819618,0.042111057,0.043402497,0.044660921,0.04521663,0.045772339,0.046328048,0.046883757,0.047439466,0.047995175,0.048550884,0.049106594,0.049558975,0.049808373,0.050057771,0.050307169,0.050556567,0.050805965,0.051055364,0.051304762,0.05155416,0.051803558,0.052052956,0.052319709,0.052656723,0.052993738,0.053330752,0.053667766,0.05400478,0.054341794,0.054678808,0.055015822,0.055352836,0.05568985,0.229668916,0.516694498,0.808617215,1.095358908,1.35588471,1.57699287
0.014071473,0.014939972,0.015490037,0.016040102,0.016590167,0.017140233,0.017670682,0.018101534,0.018532386,0.018963239,0.019467301,0.020133725,0.02080015,0.021466574,0.022132999,0.022799423,0.023465848,0.024158256,0.024852479,0.025546702,0.026240924,0.026921091,0.027495712,0.028070333,0.028644955,0.029219576,0.029794198,0.030368819,0.030943441,0.031623777,0.032915217,0.034206657,0.035498096,0.036789536,0.038080976,0.039372416,0.040367073,0.040922782,0.041478491,0.0420342,0.042589909,0.043145618,0.043701327,0.044257036,0.044812746,0.045368455,0.045924164,0.04640473,0.046654128,0.046903526,0.047152924,0.047402322,0.04765172,0.047901119,0.048150517,0.048404827,0.048741841,0.049078855,0.049415869,0.049752883,0.050089897,0.050426911,0.050763926,0.05110094,0.051437954,0.051774968,0.052111982,0.052448996,0.05278601,0.194057613,0.483130985,0.77448322,1.061224913,1.319643313,1.538821951
0.012874004,0.01342407,0.013974135,0.0145242,0.015074265,0.015624331,0.016159995,0.016590847,0.017021699,0.017606913,0.018273338,0.018939762,0.019606187,0.020272611,0.020939036,0.02160546,0.022271885,0.022962742,0.023656965,0.024351187,0.024950087,0.025524709,0.02609933,0.026673951,0.027248573,0.027823194,0.028397816,0.028972437,0.029547058,0.030176575,0.031468015,0.032759455,0.034050895,0.035342335,0.036073225,0.036628934,0.037184643,0.037740352,0.038296061,0.03885177,0.039407479,0.039963188,0.040518898,0.041074607,0.041630316,0.042186025,0.042741734,0.043250485,0.043499883,0.043749281,0.043998679,0.044248077,0.044497476,0.044826958,0.045163972,0.045500986,0.045838001,0.046175015,0.046512029,0.046849043,0.047186057,0.047523071,0.047860085,0.048197099,0.048534113,0.048871128,0.049208142,0.049545156,0.04988217,0.15844631,0.449567471,0.740349226,1.026367791,1.28233191,1.500651033
0.011358102,0.011908167,0.012458233,0.013008298,0.013558363,0.014108429,0.014649308,0.01508016,0.015746526,0.01641295,0.017079375,0.017745799,0.018412224,0.019078648,0.019745073,0.020411497,0.021077922,0.021767228,0.022404462,0.022979084,0.023553705,0.024128326,0.024702948,0.025277569,0.025852191,0.026426812,0.027001433,0.027576055,0.028150676,0.028729374,0.030020813,0.031223667,0.031779377,0.032335086,0.032890795,0.033446504,0.034002213,0.034557922,0.035113631,0.03566934,0.03622505,0.036780759,0.037336468,0.037892177,0.038447886,0.039003595,0.039559304,0.04009624,0.040345638,0.040595036,0.040912076,0.04124909,0.041586104,0.041923118,0.042260132,0.042597146,0.04293416,0.043271174,0.043608189,0.043945203,0.044282217,0.044619231,0.044956245,0.045293259,0.045630273,0.045967287,0.046304301,0.046641316,0.04697833,0.123756518,0.416003958,0.706215231,0.990126394,1.244445265,1.462480114
0.010141787,0.010691853,0.011241918,0.011791983,0.012342048,0.012892114,0.013507436,0.01417386,0.014840285,0.015506709,0.016173134,0.016839558,0.017505983,0.018172407,0.018838832,0.019505256,0.020145781,0.020632865,0.021207487,0.021782108,0.022356729,0.022931351,0.023505972,0.024080594,0.024655215,0.025229836,0.025804458,0.026379079,0.026953701,0.027574612,0.02814163,0.028697339,0.029253048,0.029808757,0.030364466,0.030920175,0.031475884,0.032031594,0.032587303,0.033143012,0.033698721,0.03425443,0.034810139,0.035365848,0.035921557,0.036477267,0.037032976,0.037568974,0.037911208,0.038248222,0.038585236,0.038922251,0.039259265,0.039596279,0.039933293,0.040270307,0.040607321,0.040944335,0.041281349,0.041618363,0.041955378,0.042292392,0.042629406,0.04296642,0.043303434,0.043640448,0.043977462,0.044314476,0.044651491,0.090193004,0.382440444,0.672081237,0.953884997,1.206558619,1.424309195
0.009963481,0.010513546,0.011063611,0.011613677,0.012163742,0.012803081,0.01359717,0.014264516,0.014930941,0.015597365,0.01626379,0.016930215,0.017596639,0.018263064,0.018929488,0.019462284,0.019659507,0.020126793,0.020701414,0.021276036,0.021850657,0.022425278,0.0229999,0.023574521,0.024149143,0.024723764,0.025298386,0.025873007,0.026578105,0.027309811,0.027888557,0.028444266,0.028999976,0.029555685,0.030111394,0.030667103,0.031222812,0.031778521,0.03233423,0.032889939,0.033445649,0.034001358,0.034557067,0.035112776,0.035668485,0.036197936,0.036711976,0.037226015,0.03758356,0.037920574,0.038257588,0.038594603,0.038931617,0.039268631,0.039605645,0.039942659,0.040279673,0.040616687,0.040953701,0.041290715,0.04162773,0.041964744,0.042301758,0.042638772,0.042975786,0.0433128,0.043517138,0.043504602,0.043492066,0.056629491,0.348876931,0.637947242,0.9176436,1.168671973,1.386138276
0.009785175,0.01033524,0.010885305,0.01143537,0.012094398,0.012888488,0.013682577,0.014355173,0.015021597,0.015688022,0.016354446,0.017020871,0.017687295,0.01835372,0.018778788,0.018976011,0.019173234,0.019620721,0.020195342,0.020769963,0.021344585,0.021919206,0.022493828,0.023068449,0.02364307,0.024217692,0.024849892,0.025581598,0.026313304,0.02704501,0.027635485,0.028191194,0.028746903,0.029302612,0.029858322,0.030414031,0.03096974,0.031525449,0.032081158,0.032636867,0.033192576,0.033748285,0.034303995,0.034826899,0.035340938,0.035854978,0.036369017,0.036883056,0.037255912,0.037592926,0.03792994,0.038266955,0.038603969,0.038940983,0.039277997,0.039615011,0.039952025,0.040289039,0.040626053,0.040963068,0.041300082,0.041637096,0.04197411,0.042311124,0.042300914,0.042288378,0.042275842,0.042263306,0.04225077,0.042238234,0.315313417,0.603813248,0.881402203,1.130785328,1.347967357
0.009606868,0.010156933,0.010706999,0.011385715,0.012179805,0.012973894,0.013767984,0.014445829,0.015112254,0.015778678,0.016445103,0.017111527,0.017777952,0.018095292,0.018292514,0.018489737,0.01868696,0.019114648,0.01968927,0.020263891,0.020838512,0.021413134,0.021987755,0.022562377,0.023136998,0.023853386,0.024585092,0.025316798,0.026048504,0.026780209,0.027382413,0.027938122,0.028493831,0.02904954,0.029605249,0.030160958,0.030716668,0.031272377,0.031828086,0.032383795,0.032939504,0.033455862,0.033969901,0.03448394,0.034997979,0.035512019,0.036026058,0.036540097,0.036928264,0.037265278,0.037602293,0.037939307,0.038276321,0.038613335,0.038950349,0.039287363,0.039624377,0.039961391,0.040298405,0.04063542,0.040972434,0.041097225,0.041084689,0.041072154,0.041059618,0.041047082,0.041034546,0.04102201,0.041009474,0.040996938,0.281749904,0.569679253,0.845160806,1.092898682,1.309796438
0.009428562,0.009978627,0.010677033,0.011471122,0.012265212,0.013059301,0.013853391,0.014536485,0.01520291,0.015869334,0.016535759,0.017202183,0.017411795,0.017609018,0.017806241,0.018003464,0.018200687,0.018608576,0.019183197,0.019757819,0.02033244,0.020907062,0.021481683,0.022125173,0.022856879,0.023588585,0.024320291,0.025051997,0.025783703,0.026515409,0.02712934,0.02768505,0.028240759,0.028796468,0.029352177,0.029907886,0.030463595,0.031019304,0.031570785,0.032084824,0.032598863,0.033112903,0.033626942,0.034140981,0.03465502,0.03516906,0.035683099,0.036197138,0.036600616,0.03693763,0.037274645,0.037611659,0.037948673,0.038285687,0.038622701,0.038959715,0.039296729,0.039633743,0.039893537,0.039881001,0.039868465,0.039855929,0.039843393,0.039830858,0.039818322,0.039805786,0.03979325,0.039780714,0.039768178,0.039755642,0.24818639,0.535545259,0.808919409,1.055012037,1.271625519
0.009250255,0.00996835,0.010762439,0.011556529,0.012350619,0.013144708,0.013938798,0.014627142,0.015293566,0.015959991,0.016531076,0.016728299,0.016925522,0.017122745,0.017319967,0.01751719,0.017714413,0.018102504,0.018677125,0.019251746,0.019826368,0.020400989,0.021128667,0.021860373,0.022592079,0.023323784,0.02405549,0.024787196,0.025518902,0.026250608,0.026876268,0.027431977,0.027987686,0.028543396,0.029099105,0.029654814,0.030199747,0.030713787,0.031227826,0.031741865,0.032255904,0.032769944,0.033283983,0.033798022,0.034312061,0.034826101,0.03534014,0.035854179,0.036272968,0.036609982,0.036946997,0.037284011,0.037621025,0.037958039,0.038295053,0.038632067,0.038677313,0.038664777,0.038652241,0.038639705,0.038627169,0.038614633,0.038602097,0.038589561,0.038577026,0.03856449,0.038551954,0.038539418,0.038526882,0.038514346,0.214622876,0.501411264,0.772678012,1.017125391,1.2334546
0.009259667,0.010053757,0.010847846,0.011641936,0.012436026,0.013230115,0.014024205,0.014717798,0.015384222,0.015847579,0.016044802,0.016242025,0.016439248,0.016636471,0.016833694,0.017030917,0.01722814,0.017596431,0.018171053,0.018745674,0.019400454,0.02013216,0.020863866,0.021595572,0.022327278,0.023058984,0.02379069,0.024522396,0.025254101,0.025985807,0.026623196,0.027178905,0.027734614,0.028290323,0.02882871,0.029342749,0.029856788,0.030370828,0.030884867,0.031398906,0.031912945,0.032426985,0.032941024,0.033455063,0.033969103,0.034483142,0.034997181,0.03551122,0.03594532,0.036282334,0.036619349,0.036956363,0.037293377,0.037473624,0.037461088,0.037448552,0.037436016,0.037423481,0.037410945,0.037398409,0.037385873,0.037373337,0.037360801,0.037348265,0.03733573,0.037323194,0.037310658,0.037298122,0.037285586,0.03727305,0.180535576,0.46727727,0.736436615,0.979238745,1.195283681
0.009345074,0.010139164,0.010933253,0.011727343,0.012521433,0.013315522,0.014109612,0.014808454,0.015164083,0.015361306,0.015558529,0.015755752,0.015952975,0.016150197,0.01634742,0.016544643,0.016741866,0.017090359,0.017672242,0.018403948,0.019135654,0.019867359,0.020599065,0.021330771,0.022062477,0.022794183,0.023525889,0.024257595,0.024989301,0.025721007,0.026370124,0.026925833,0.027457672,0.027971712,0.028485751,0.02899979,0.029513829,0.030027869,0.030541908,0.031055947,0.031569987,0.032084026,0.032598065,0.033112104,0.033626144,0.034140183,0.034654222,0.035168261,0.035617672,0.035954686,0.036269936,0.0362574,0.036244864,0.036232328,0.036219792,0.036207256,0.03619472,0.036182185,0.036169649,0.036157113,0.036144577,0.036132041,0.036119505,0.036106969,0.036094434,0.036081898,0.036069362,0.036056826,0.03604429,0.036031754,0.146401582,0.433143275,0.700195218,0.9413521,1.157112762
0.009308018,0.010102108,0.010896197,0.011690287,0.012484377,0.013278466,0.014072556,0.014606795,0.014804018,0.015001241,0.015198463,0.015395686,0.015592909,0.015790132,0.015987355,0.016184578,0.016381801,0.016772167,0.017503873,0.018235579,0.018967285,0.019698991,0.020430697,0.021162403,0.021894109,0.022625815,0.023357521,0.024089226,0.024820932,0.025552638,0.026101981,0.02661602,0.027130059,0.027644098,0.028158138,0.028672177,0.029186216,0.029700256,0.030214295,0.030728334,0.031242373,0.031756413,0.032270452,0.032784491,0.033298531,0.03381257,0.034326609,0.034840648,0.03515551,0.035142974,0.035130439,0.035117903,0.035105367,0.035092831,0.035080295,0.035067759,0.035055223,0.035042688,0.035030152,0.035017616,0.03500508,0.034992544,0.034980008,0.034967472,0.034954937,0.034942401,0.034929865,0.034917329,0.034904793,0.034892257,0.112267587,0.399009281,0.66395382,0.903465454,1.118941843
0.008561433,0.009355522,0.010149612,0.010943701,0.011737791,0.012531881,0.014244045,0.014977959,0.015175182,0.015372404,0.015569627,0.01576685,0.015964073,0.016161296,0.016358519,0.016555742,0.01678199,0.017162513,0.017894219,0.018625924,0.01935763,0.020089336,0.020821042,0.021552748,0.022284454,0.02301616,0.023747866,0.024479572,0.02515048,0.025475696,0.025863279,0.026377318,0.026891358,0.027405397,0.027919436,0.028433475,0.028947515,0.029461554,0.029975593,0.030489633,0.031003672,0.031517711,0.03203175,0.03254579,0.033059829,0.033573868,0.03396929,0.034321217,0.034605821,0.034593285,0.034580749,0.034568213,0.034555677,0.034543141,0.034530606,0.03451807,0.034505534,0.034492998,0.034480462,0.034467926,0.03445539,0.034442854,0.034430319,0.034417783,0.034405247,0.034392711,0.034380175,0.034411732,0.034580227,0.034748723,0.078133593,0.364875286,0.627712423,0.865578809,1.080770924
0.007814847,0.008608936,0.009403026,0.010197116,0.010991205,0.012768174,0.014545409,0.015349123,0.015546345,0.015743568,0.015940791,0.016138014,0.016335237,0.01653246,0.016729683,0.016964183,0.01720027,0.017552858,0.018284564,0.01901627,0.019747976,0.020479681,0.021211387,0.021943093,0.022674799,0.023406505,0.024138211,0.024600082,0.024925298,0.025250513,0.025624577,0.026138617,0.026652656,0.027166695,0.027680735,0.028194774,0.028708813,0.029222852,0.029736892,0.030250931,0.03076497,0.03127901,0.031793049,0.032307088,0.03268188,0.033033806,0.033385733,0.03373766,0.034056131,0.034043595,0.034031059,0.034018523,0.034005988,0.033993452,0.033980916,0.03396838,0.033955844,0.033943308,0.033930772,0.033918237,0.033905701,0.033893165,0.033880629,0.033868093,0.033855557,0.03399159,0.034160086,0.034328582,0.034497077,0.034665573,0.043999599,0.330741292,0.591471026,0.827692163,1.042600005
0.007068261,0.007862351,0.00865644,0.009515068,0.011292303,0.013069538,0.014846772,0.015720286,0.015917509,0.016114732,0.016311955,0.016509178,0.016706401,0.016910288,0.017146375,0.017382463,0.01761855,0.017943203,0.018674909,0.019406615,0.020138321,0.020870027,0.021601732,0.022333438,0.023065144,0.023724468,0.024049684,0.0243749,0.024700115,0.025025331,0.025385876,0.025899915,0.026413954,0.026927994,0.027442033,0.027956072,0.028470112,0.028984151,0.02949819,0.030012229,0.030526269,0.031040308,0.031394469,0.031746396,0.032098323,0.03245025,0.032802176,0.033154103,0.03350603,0.033493906,0.03348137,0.033468834,0.033456298,0.033443762,0.033431226,0.03341869,0.033406155,0.033393619,0.033381083,0.033368547,0.033356011,0.033343475,0.033402953,0.033571449,0.033739945,0.03390844,0.034076936,0.034245431,0.034413927,0.034582422,0.034750918,0.296607297,0.555229629,0.789805518,1.004429086
0.006321675,0.007115765,0.008039197,0.009816432,0.011593667,0.013370902,0.015148136,0.01609145,0.016288673,0.016485896,0.016683119,0.016880342,0.01709248,0.017328568,0.017564655,0.017800743,0.01803683,0.018333548,0.019065254,0.01979696,0.020528666,0.021260372,0.021992078,0.022723784,0.02317407,0.023499286,0.023824502,0.024149717,0.024474933,0.024800149,0.025147174,0.025661214,0.026175253,0.026689292,0.027203331,0.027717371,0.02823141,0.028745449,0.029259489,0.029755131,0.030107058,0.030458985,0.030810912,0.031162839,0.031514766,0.031866693,0.032218619,0.032570546,0.032922473,0.032944216,0.03293168,0.032919144,0.032906608,0.032894072,0.032881537,0.032869001,0.032856465,0.032843929,0.032831393,0.032818857,0.032982812,0.033151308,0.033319803,0.033488299,0.033656794,0.03382529,0.033993785,0.034162281,0.034330776,0.034499272,0.034667768,0.261954107,0.518988232,0.751918872,0.966258167
0.00557509,0.006563327,0.008340561,0.010117796,0.011895031,0.013672265,0.0154495,0.016462614,0.016659837,0.01685706,0.017054283,0.017274673,0.01751076,0.017746848,0.017982935,0.018219023,0.018455111,0.018723893,0.019455599,0.020187305,0.020919011,0.021650717,0.022298457,0.022623672,0.022948888,0.023274104,0.023599319,0.023924535,0.024249751,0.024574966,0.024908473,0.025422512,0.025936551,0.026450591,0.02696463,0.027478669,0.027992708,0.028467721,0.028819648,0.029171574,0.029523501,0.029875428,0.030227355,0.030579282,0.030931209,0.031283136,0.031635063,0.031986989,0.032338916,0.032394526,0.03238199,0.032369455,0.032356919,0.032344383,0.032331847,0.032319311,0.032306775,0.032394175,0.032562671,0.032731166,0.032899662,0.033068157,0.033236653,0.033405148,0.033573644,0.033742139,0.033910635,0.034079131,0.034247626,0.034416122,0.034584617,0.22571271,0.482746835,0.714032226,0.928087248
0.005087456,0.00686469,0.008641925,0.01041916,0.012196394,0.013973629,0.015750864,0.016833778,0.017031001,0.017228224,0.017456865,0.017692953,0.01792904,0.018165128,0.018401215,0.018637303,0.018873391,0.019114239,0.019845944,0.02057765,0.021309356,0.021748059,0.022073275,0.02239849,0.022723706,0.023048921,0.023374137,0.023699353,0.024024568,0.024349784,0.024675,0.02518381,0.02569785,0.026211889,0.026725928,0.02718031,0.027532237,0.027884164,0.028236091,0.028588017,0.028939944,0.029291871,0.029643798,0.029995725,0.030347652,0.030699579,0.031051506,0.031403432,0.031755359,0.031844837,0.031832301,0.031819765,0.031807229,0.031794693,0.031805538,0.031974034,0.032142529,0.032311025,0.03247952,0.032648016,0.032816511,0.032985007,0.033153502,0.033321998,0.033490494,0.033658989,0.033827485,0.03399598,0.034164476,0.034332971,0.034501467,0.189471313,0.446505438,0.676145581,0.889916329
0.005388819,0.007166054,0.008943289,0.010720523,0.012497758,0.014274993,0.016052228,0.017204942,0.01740297,0.017639058,0.017875145,0.018111233,0.01834732,0.018583408,0.018819495,0.019055583,0.019291671,0.019527758,0.02023629,0.020872445,0.021197661,0.021522877,0.021848092,0.022173308,0.022498523,0.022823739,0.023148955,0.02347417,0.023799386,0.024124602,0.024449817,0.024945109,0.025459148,0.025892899,0.026244826,0.026596753,0.02694868,0.027300607,0.027652534,0.028004461,0.028356387,0.028708314,0.029060241,0.029412168,0.029764095,0.030116022,0.030467949,0.030819875,0.031171802,0.031295147,0.031282611,0.031270075,0.031385396,0.031553892,0.031722388,0.031890883,0.032059379,0.032227874,0.03239637,0.032564865,0.032733361,0.032901857,0.033070352,0.033238848,0.033407343,0.033575839,0.033744334,0.03391283,0.034081325,0.034249821,0.034418317,0.153229916,0.410264041,0.638258935,0.85174541
0.005690183,0.007467418,0.009244653,0.011021887,0.012799122,0.014576357,0.016353591,0.017585163,0.01782125,0.018057338,0.018293425,0.018529513,0.0187656,0.019001688,0.019237776,0.019473863,0.019709951,0.019946038,0.020322047,0.020647263,0.020972479,0.021297694,0.02162291,0.021948125,0.022273341,0.022598557,0.022923772,0.023248988,0.023574204,0.023899419,0.024224635,0.024605489,0.024957416,0.025309342,0.025661269,0.026013196,0.026365123,0.02671705,0.027068977,0.027420904,0.02777283,0.028124757,0.028476684,0.028828611,0.029180538,0.029532465,0.029884392,0.030236319,0.030588245,0.030796759,0.030965255,0.031133751,0.031302246,0.031470742,0.031639237,0.031807733,0.031976228,0.032144724,0.03231322,0.032481715,0.032650211,0.032818706,0.032987202,0.033155697,0.033324193,0.033492688,0.033661184,0.03382968,0.033998175,0.034166671,0.034335166,0.116988519,0.374022644,0.60037229,0.813574491
0.007991224,0.009768459,0.011545694,0.013322928,0.015100163,0.016877398,0.017476034,0.016656514,0.016892602,0.017128689,0.017364777,0.017600864,0.017836952,0.01807304,0.018309127,0.018545215,0.018904068,0.020802163,0.021396765,0.02172198,0.022047196,0.022372412,0.022697627,0.023022843,0.023348058,0.023673274,0.02399849,0.024323705,0.024648921,0.024786622,0.024484637,0.024668216,0.025020143,0.025372069,0.025723996,0.026075923,0.02642785,0.026779777,0.027131704,0.027483631,0.027835558,0.028187484,0.028539411,0.028891338,0.029243265,0.029595192,0.029947119,0.030322076,0.030712331,0.031009025,0.031177521,0.031346017,0.031514512,0.031683008,0.031851503,0.032019999,0.032188494,0.03235699,0.032525485,0.032693981,0.032862477,0.033030972,0.033199468,0.033367963,0.033536459,0.033704954,0.03387345,0.034041946,0.034210441,0.034682439,0.035220468,0.080747122,0.337781247,0.562485644,0.775403572
0.010499628,0.012276863,0.014054098,0.015831332,0.017608567,0.017756358,0.016489431,0.015588192,0.015824279,0.016060367,0.016296454,0.016532542,0.01676863,0.017004717,0.017240805,0.018106378,0.020004473,0.021902568,0.022606279,0.022931495,0.02325671,0.023581926,0.023907142,0.024232357,0.024557573,0.024882789,0.025208004,0.02553322,0.025275973,0.024973989,0.024672004,0.024797961,0.025149888,0.025501815,0.025853742,0.026205669,0.026557596,0.026909522,0.027261449,0.027613376,0.027965303,0.02831723,0.028669157,0.029021084,0.029373011,0.029759105,0.03014936,0.030539615,0.03092987,0.031251925,0.031420421,0.031588917,0.031757412,0.031925908,0.032094403,0.032262899,0.032431394,0.03259989,0.032768385,0.032936881,0.033105377,0.033273872,0.033442368,0.033610863,0.033779359,0.033947854,0.034336356,0.034874386,0.035412416,0.035950445,0.036488475,0.044505725,0.30153985,0.524598998,0.737232653
0.013008032,0.014785267,0.016562502,0.018339736,0.018036682,0.016769755,0.015502828,0.014519869,0.014755957,0.014992045,0.015228132,0.01546422,0.015700307,0.015936395,0.017308688,0.019206783,0.021104878,0.023002973,0.023815794,0.024141009,0.024466225,0.024791441,0.025116656,0.025441872,0.025767087,0.026092303,0.026067309,0.025765324,0.02546334,0.025161355,0.024859371,0.024927707,0.025279634,0.02563156,0.025983487,0.026335414,0.026687341,0.027039268,0.027391195,0.027743122,0.028095049,0.028446975,0.02880588,0.029196134,0.029586389,0.029976644,0.030366899,0.030757153,0.031147408,0.031494825,0.031663321,0.031831817,0.032000312,0.032168808,0.032337303,0.032505799,0.032674294,0.03284279,0.033011285,0.033179781,0.033348277,0.033516772,0.033685268,0.033990274,0.034528304,0.035066333,0.035604363,0.036142393,0.036680422,0.037218452,0.037756482,0.038294511,0.265298452,0.486712353,0.699061735
0.015516436,0.017293671,0.019070905,0.018317006,0.017050079,0.015783152,0.014516225,0.013451547,0.013687635,0.013923722,0.01415981,0.014395897,0.014631985,0.016510999,0.018409094,0.020307188,0.022205283,0.024103378,0.025025308,0.025350524,0.025675739,0.026000955,0.026326171,0.026651386,0.026858645,0.02655666,0.026254676,0.025952691,0.025650706,0.025348722,0.025046737,0.025057452,0.025409379,0.025761306,0.026113233,0.02646516,0.026817087,0.027169013,0.02752094,0.027872867,0.028242909,0.028633163,0.029023418,0.029413673,0.029803928,0.030194182,0.030584437,0.030974692,0.031364946,0.031737725,0.031906221,0.032074717,0.032243212,0.032411708,0.032580203,0.032748699,0.032917194,0.03308569,0.033254186,0.033422681,0.033644191,0.034182221,0.034720251,0.035258281,0.03579631,0.03633434,0.03687237,0.037410399,0.037948429,0.038486459,0.039024488,0.039562518,0.228556473,0.448825707,0.660890816
0.01802484,0.019802075,0.01859733,0.017330403,0.016063476,0.014796549,0.013529622,0.012383225,0.012619312,0.0128554,0.013091487,0.013815214,0.015713309,0.017611404,0.019509499,0.021407594,0.023305688,0.025203783,0.026234823,0.026560038,0.026885254,0.02721047,0.027535685,0.027347996,0.027046011,0.026744027,0.026442042,0.026140058,0.025838073,0.025536088,0.025234104,0.025187198,0.025539125,0.025891051,0.026242978,0.026594905,0.026946832,0.027298759,0.027679938,0.028070192,0.028460447,0.028850702,0.029240957,0.029631211,0.030021466,0.030411721,0.030801975,0.03119223,0.031582485,0.03197274,0.032149121,0.032317617,0.032486112,0.032654608,0.032823103,0.032991599,0.033160094,0.03332859,0.033836139,0.034374168,0.034912198,0.035450228,0.035988258,0.036526287,0.037064317,0.037602347,0.038140376,0.038678406,0.039216436,0.039754465,0.040292495,0.040830525,0.190669827,0.410939062,0.622719897
0.020144582,0.018877655,0.017610728,0.016343801,0.015076874,0.013809947,0.01254302,0.011314902,0.01155099,0.011787077,0.013017525,0.014915619,0.016813714,0.018711809,0.020609904,0.022507999,0.024406094,0.026304188,0.027444337,0.027769553,0.028094768,0.028139332,0.027837347,0.027535363,0.027233378,0.026931393,0.026629409,0.026327424,0.02602544,0.025723455,0.02542147,0.025316943,0.02566887,0.026020797,0.026372724,0.026726712,0.027116967,0.027507221,0.027897476,0.028287731,0.028677986,0.02906824,0.029458495,0.02984875,0.030239004,0.030629259,0.031019514,0.031409769,0.031800023,0.032190278,0.032392021,0.032560517,0.032729012,0.032897508,0.033066003,0.033490056,0.034028086,0.034566116,0.035104145,0.035642175,0.036180205,0.036718234,0.037256264,0.037794294,0.038332324,0.038870353,0.039408383,0.039946413,0.040484442,0.041022472,0.041560502,0.042098531,0.152783182,0.373052416,0.584548978
0.019157979,0.017891052,0.016624125,0.015357198,0.014090271,0.012823344,0.011556417,0.01028949,0.010482667,0.012219835,0.01411793,0.016016025,0.017914119,0.019812214,0.021710309,0.023608404,0.025506499,0.027404594,0.028653852,0.028930668,0.028628683,0.028326698,0.028024714,0.027722729,0.027420745,0.02711876,0.026816775,0.026514791,0.026212806,0.025910822,0.025608837,0.025446689,0.025798616,0.026163741,0.026553996,0.02694425,0.027334505,0.02772476,0.028115015,0.028505269,0.028895524,0.029285779,0.029676033,0.030066288,0.030456543,0.030846798,0.031237052,0.031627307,0.032017562,0.032407816,0.032634921,0.032803417,0.033143974,0.033682004,0.034220033,0.034758063,0.035296093,0.035834122,0.036372152,0.036910182,0.037448211,0.037986241,0.038524271,0.039062301,0.03960033,0.04013836,0.04067639,0.041214419,0.041752449,0.042290479,0.042828508,0.043366538,0.114896536,0.33516577,0.546378059
0.018030462,0.016763535,0.015496608,0.014229681,0.012962754,0.011695827,0.0104289,0.009471726,0.011242582,0.013140676,0.015038771,0.016936866,0.018834961,0.020733056,0.022631151,0.024529245,0.02642734,0.028325435,0.029252455,0.02895047,0.028648486,0.028346501,0.028044516,0.027742532,0.027440547,0.027138563,0.026836578,0.026534593,0.026232609,0.025930624,0.02562864,0.025621669,0.026011924,0.026402179,0.026792433,0.027182688,0.027572943,0.027963197,0.028353452,0.028743707,0.029133962,0.029524216,0.029914471,0.030304726,0.03069498,0.031085235,0.03147549,0.031865745,0.032255999,0.032708664,0.033342934,0.033880964,0.034418993,0.034957023,0.035495053,0.036033082,0.036571112,0.037109142,0.037647171,0.038185201,0.038723231,0.039261261,0.03979929,0.04033732,0.04087535,0.041413379,0.041951409,0.042489439,0.043027468,0.043565498,0.044103528,0.044641558,0.07700989,0.297279125,0.50820714
0.016385602,0.015118675,0.013851748,0.012584821,0.011317894,0.010050967,0.009423064,0.009831774,0.011504182,0.013402277,0.015300371,0.017198466,0.019096561,0.020994656,0.022892751,0.024790846,0.026683533,0.027859145,0.028657071,0.028355087,0.028053102,0.027751117,0.027449133,0.027147148,0.026845163,0.026543179,0.026241194,0.02593921,0.025637225,0.025446816,0.025690763,0.025936835,0.026327089,0.026717344,0.027107599,0.027497854,0.027888108,0.028278363,0.028668618,0.029058873,0.029449127,0.029839382,0.030229637,0.030619891,0.031010146,0.031400401,0.031790656,0.032397187,0.033185882,0.033974578,0.034643699,0.035181729,0.035719759,0.036257788,0.036795818,0.037333848,0.037871877,0.038409907,0.038947937,0.039485967,0.040023996,0.040562026,0.041100056,0.041638085,0.042176115,0.042714145,0.043252174,0.043790204,0.044328234,0.04483874,0.045336877,0.045835014,0.04633315,0.259392479,0.470036221
0.014740743,0.013473816,0.012206889,0.010939962,0.009673035,0.009374403,0.009783112,0.010191822,0.011765782,0.013663877,0.015561972,0.017460066,0.019358161,0.021256256,0.023154351,0.024787925,0.025963537,0.027139149,0.028061687,0.027759703,0.027457718,0.027155734,0.026853749,0.026551764,0.02624978,0.025947795,0.025645811,0.025343826,0.025533709,0.025777656,0.026021602,0.026265548,0.026642255,0.02703251,0.027422765,0.027813019,0.028203274,0.028593529,0.028983783,0.029374038,0.029764293,0.030154548,0.030544802,0.030935057,0.031325312,0.03208571,0.032874405,0.0336631,0.034451796,0.035240491,0.035944465,0.036482494,0.037020524,0.037558554,0.038096583,0.038634613,0.039172643,0.039710673,0.040248702,0.040786732,0.041324762,0.041862791,0.042400821,0.042938851,0.04347688,0.04401491,0.044529863,0.045028,0.045526136,0.046024273,0.04652241,0.047020547,0.047518683,0.221505834,0.431865302
0.013095883,0.011828956,0.010562029,0.009295102,0.009325741,0.009734451,0.010143161,0.010551871,0.012027382,0.013925477,0.015823572,0.017721667,0.019619762,0.021517856,0.022892317,0.024067929,0.025243541,0.026419153,0.027466304,0.027164319,0.026862335,0.02656035,0.026258365,0.025956381,0.025654396,0.025352411,0.025376656,0.025620603,0.025864549,0.026108495,0.026352441,0.026596387,0.026957421,0.027347675,0.02773793,0.028128185,0.02851844,0.028908694,0.029298949,0.029689204,0.030079458,0.030469713,0.030985538,0.031774233,0.032562928,0.033351623,0.034140319,0.034929014,0.035717709,0.036506404,0.03724523,0.03778326,0.038321289,0.038859319,0.039397349,0.039935379,0.040473408,0.041011438,0.041549468,0.042087497,0.042625527,0.043163557,0.043701586,0.044220986,0.044719122,0.045217259,0.045715396,0.046213533,0.046711669,0.047209806,0.047707943,0.04820608,0.048704216,0.183619188,0.393694383
0.011451023,0.010184096,0.008917169,0.00927708,0.00968579,0.010094499,0.010503209,0.010911919,0.012288982,0.014187077,0.016085172,0.017983267,0.019821097,0.020996709,0.022172321,0.023347933,0.024523545,0.025699158,0.02687092,0.026568935,0.026266951,0.025964966,0.025662982,0.025360997,0.025219603,0.025463549,0.025707496,0.025951442,0.026195388,0.026439334,0.02668328,0.026927227,0.027272586,0.027662841,0.028053096,0.028443351,0.028833605,0.02922386,0.029614115,0.030004369,0.030674061,0.031462756,0.032251451,0.033040146,0.033828842,0.034617537,0.035406232,0.036194927,0.036983623,0.037772318,0.038545995,0.039084025,0.039622055,0.040160085,0.040698114,0.041236144,0.041774174,0.042312203,0.042850233,0.043388263,0.043912108,0.044410245,0.044908382,0.045406519,0.045904655,0.046402792,0.046900929,0.047399066,0.047897202,0.048395339,0.048893476,0.049391613,0.049889749,0.145732542,0.355523464
0.009806163,0.008819708,0.009228418,0.009637128,0.010045838,0.010454548,0.010863257,0.011271967,0.012550583,0.014448677,0.016346772,0.017925489,0.019101101,0.020276713,0.021452325,0.022627937,0.02380355,0.024979162,0.026154774,0.025973552,0.025671567,0.025369582,0.025067598,0.025306496,0.025550443,0.025794389,0.026038335,0.026282281,0.026526227,0.026770173,0.02701412,0.027258066,0.027587752,0.027978007,0.028368261,0.028758516,0.029148771,0.029573888,0.030362584,0.031151279,0.031939974,0.032728669,0.033517365,0.03430606,0.035094755,0.03588345,0.036672146,0.037460841,0.038249536,0.039038231,0.039826927,0.040384791,0.04092282,0.04146085,0.04199888,0.042536909,0.043074939,0.043603231,0.044101368,0.044599505,0.045097641,0.045595778,0.046093915,0.046592052,0.047090188,0.047588325,0.048086462,0.048584599,0.049082735,0.049580872,0.050079009,0.050577146,0.051075282,0.107845897,0.317352545
0.008771047,0.009179757,0.009588467,0.009997176,0.010405886,0.010814596,0.011223306,0.011632016,0.012812183,0.014710278,0.016029881,0.017205493,0.018381105,0.019556717,0.02073233,0.021907942,0.023083554,0.024259166,0.025434778,0.025378168,0.025076183,0.025149443,0.02539339,0.025637336,0.025881282,0.026125228,0.026369174,0.02661312,0.026857067,0.027101013,0.027344959,0.027588905,0.027902918,0.028293172,0.028683427,0.029262411,0.030051107,0.030839802,0.031628497,0.032417192,0.033205888,0.033994583,0.034783278,0.035571973,0.036360669,0.037149364,0.037938059,0.038726754,0.03951545,0.040304145,0.04109284,0.041685556,0.042223586,0.042761615,0.043294354,0.043792491,0.044290627,0.044788764,0.045286901,0.045785038,0.046283174,0.046781311,0.047279448,0.047777585,0.048275721,0.048773858,0.049271995,0.049770132,0.050268268,0.050766405,0.051264542,0.051762679,0.052260815,0.069959251,0.279181626
0.009131095,0.009539805,0.009948515,0.010357225,0.010765935,0.011174644,0.011583354,0.011992064,0.012958661,0.014134273,0.015309885,0.016485497,0.017661109,0.018836722,0.020012334,0.021187946,0.022363558,0.02353917,0.024714782,0.02499239,0.025236336,0.025480283,0.025724229,0.025968175,0.026212121,0.026456067,0.026700013,0.02694396,0.027187906,0.027431852,0.027675798,0.027919744,0.028218083,0.028950934,0.02973963,0.030528325,0.03131702,0.032105715,0.032894411,0.033683106,0.034471801,0.035260496,0.036049192,0.036837887,0.037626582,0.038415277,0.039203973,0.039992668,0.040781363,0.041570058,0.042358754,0.042985477,0.043483613,0.04398175,0.044479887,0.044978024,0.04547616,0.045974297,0.046472434,0.046970571,0.047468707,0.047966844,0.048464981,0.048963118,0.049461254,0.049959391,0.050457528,0.050955665,0.051453801,0.051951938,0.052450075,0.052948212,0.053446348,0.053944485,0.241010707
0.008180968,0.008589677,0.008998387,0.009407097,0.009815807,0.010224517,0.010633226,0.01191231,0.014177517,0.015353129,0.016528742,0.017704354,0.018879966,0.020055578,0.02123119,0.022406802,0.023582415,0.024758027,0.025096454,0.025282568,0.025526514,0.02577046,0.026014406,0.026258352,0.026502299,0.026746245,0.026990191,0.027234137,0.027478083,0.027722029,0.027965976,0.028105099,0.028365316,0.029154012,0.029942707,0.030731402,0.031520097,0.032308793,0.033097488,0.033886183,0.034674878,0.035463574,0.036252269,0.037040964,0.037829659,0.038618355,0.03940705,0.040195745,0.04098444,0.041964096,0.043206424,0.04408229,0.044580427,0.045078564,0.045576701,0.046074837,0.046572974,0.047071111,0.047569248,0.048067384,0.048565521,0.049063658,0.049561795,0.050059931,0.050558068,0.051056205,0.051554342,0.052052478,0.052550615,0.053048752,0.053546889,0.054066232,0.054988617,0.055911001,0.202839788
0.006892332,0.007301042,0.007709752,0.008118462,0.008527172,0.008935881,0.010569835,0.013503947,0.015897311,0.017072923,0.018248535,0.019424148,0.02059976,0.021775372,0.022950984,0.024126596,0.02524257,0.025317219,0.025391868,0.025562239,0.025806185,0.026050132,0.026294078,0.026538024,0.02678197,0.027025916,0.027269863,0.027513809,0.027757755,0.027960538,0.028039,0.028117461,0.028293791,0.029082486,0.029871181,0.030659877,0.031448572,0.032237267,0.033025962,0.033814658,0.034603353,0.035392048,0.036180743,0.036969439,0.037758134,0.038546829,0.039335524,0.040439249,0.041681577,0.042923906,0.044166234,0.045156182,0.045654318,0.046152455,0.046650592,0.047148729,0.047646865,0.048145002,0.048643139,0.049141276,0.049639412,0.050137549,0.050635686,0.051133823,0.051631959,0.052130096,0.052628233,0.05312637,0.053624506,0.054462378,0.055384762,0.056307147,0.057229531,0.058151915,0.164668869
0.005603697,0.006012407,0.006421117,0.006829826,0.007238536,0.00922736,0.012161472,0.015095585,0.017617105,0.018792717,0.019968329,0.021143941,0.022319554,0.023495166,0.024670778,0.025463334,0.025537983,0.025612632,0.025687281,0.025841911,0.026085857,0.026329803,0.026573749,0.026817696,0.027061642,0.027305588,0.027549534,0.02779348,0.027894439,0.0279729,0.028051362,0.028129824,0.028222265,0.029010961,0.029799656,0.030588351,0.031377046,0.032165742,0.032954437,0.033743132,0.034531827,0.035320523,0.036109218,0.036897913,0.037686608,0.038914402,0.04015673,0.041399059,0.042641387,0.043883716,0.045126044,0.046230073,0.04672821,0.047226347,0.047724483,0.04822262,0.048720757,0.049218894,0.04971703,0.050215167,0.050713304,0.051211441,0.051709577,0.052207714,0.052705851,0.053203988,0.05393614,0.054858524,0.055780908,0.056703293,0.057625677,0.058548061,0.059470445,0.060392829,0.12649795
0.004315062,0.004723772,0.005132481,0.005541191,0.007884884,0.010818997,0.013753109,0.016687222,0.019336899,0.020512511,0.021688123,0.022863735,0.024039348,0.02521496,0.025684099,0.025758748,0.025833397,0.025908046,0.025982694,0.026121583,0.026365529,0.026609475,0.026853421,0.027097367,0.027341313,0.02758526,0.027749878,0.027828339,0.027906801,0.027985263,0.028063725,0.028142186,0.028220648,0.028939435,0.02972813,0.030516826,0.031305521,0.032094216,0.032882911,0.033671607,0.034460302,0.035248997,0.036147227,0.037389555,0.038631883,0.039874212,0.04111654,0.042358869,0.043601197,0.044843525,0.046085854,0.047303964,0.047802101,0.048300238,0.048798375,0.049296512,0.049794648,0.050292785,0.050790922,0.051289059,0.051787195,0.052285332,0.052783469,0.053409902,0.054332286,0.05525467,0.056177054,0.057099438,0.058021823,0.058944207,0.059866591,0.060788975,0.061711359,0.062633744,0.088327031
0.003026426,0.003435136,0.003843846,0.006542409,0.009476522,0.012410634,0.015344747,0.018278859,0.021056693,0.022232305,0.023407917,0.024583529,0.025759141,0.025904864,0.025979512,0.026054161,0.02612881,0.026203459,0.026278108,0.026401254,0.0266452,0.026889147,0.027133093,0.027377039,0.027605317,0.027683778,0.02776224,0.027840702,0.027919164,0.027997625,0.028076087,0.028154549,0.02823301,0.028867909,0.029656605,0.0304453,0.031233995,0.03202269,0.032811386,0.033600081,0.03462238,0.035864708,0.037107037,0.038349365,0.039591693,0.040834022,0.04207635,0.043318679,0.044561007,0.045803335,0.047045664,0.048287992,0.048875993,0.049374129,0.049872266,0.050370403,0.05086854,0.051366676,0.051864813,0.05236295,0.052883664,0.053806048,0.054728432,0.055650816,0.0565732,0.057495584,0.058417969,0.059340353,0.060262737,0.061185121,0.062107505,0.063029889,0.063952274,0.064874658,0.065797042
0.001737791,0.002265821,0.005199934,0.008134046,0.011068159,0.014002271,0.016936384,0.019870496,0.022776487,0.023952099,0.025127711,0.026050979,0.026125628,0.026200277,0.026274926,0.026349575,0.026424223,0.026498872,0.026573521,0.026680926,0.026924872,0.027168818,0.027412764,0.027539217,0.027617679,0.027696141,0.027774603,0.027853064,0.027931526,0.028009988,0.028088449,0.028166911,0.028245373,0.028796384,0.029585079,0.030373774,0.03116247,0.031951165,0.033097533,0.034339861,0.03558219,0.036824518,0.038066846,0.039309175,0.040551503,0.041793832,0.04303616,0.044278488,0.045520817,0.046763145,0.048005474,0.049247802,0.049949884,0.050448021,0.050946158,0.051444294,0.051942431,0.052440568,0.053279809,0.054202194,0.055124578,0.056046962,0.056969346,0.05789173,0.058814114,0.059736499,0.060658883,0.061581267,0.062503651,0.063426035,0.06434842,0.065270804,0.066193188,0.067115572,0.068037956
0.000923346,0.003857459,0.006791571,0.009725684,0.012659796,0.015593908,0.018528021,0.021462133,0.024396246,0.025671893,0.026271744,0.026346393,0.026421041,0.02649569,0.026570339,0.026644988,0.026719637,0.026794286,0.026868935,0.026960598,0.027204544,0.027394656,0.027473118,0.02755158,0.027630042,0.027708503,0.027786965,0.027865427,0.027943888,0.02802235,0.028100812,0.028179274,0.028257735,0.028724858,0.029513554,0.030330358,0.031572686,0.032815014,0.034057343,0.035299671,0.036542,0.037784328,0.039026656,0.040268985,0.041511313,0.042753641,0.04399597,0.045238298,0.046480627,0.047722955,0.048965283,0.050207612,0.051023775,0.051521912,0.052020049,0.052753571,0.053675955,0.05459834,0.055520724,0.056443108,0.057365492,0.058287876,0.05921026,0.060132645,0.061055029,0.061977413,0.062899797,0.063822181,0.064744565,0.06566695,0.066589334,0.067511718,0.068434102,0.069356486,0.07027887
0.002514983,0.005449096,0.008383208,0.011317321,0.014251433,0.017185546,0.020119658,0.023053771,0.025987883,0.026492508,0.026567157,0.026641806,0.026716455,0.026791104,0.026865753,0.026940401,0.02701505,0.027089699,0.027164348,0.027240269,0.027328557,0.027407019,0.027485481,0.027563942,0.027642404,0.027720866,0.027799327,0.027877789,0.027956251,0.028034713,0.028113174,0.028191636,0.028270098,0.028805511,0.030047839,0.031290167,0.032532496,0.033774824,0.035017153,0.036259481,0.037501809,0.038744138,0.039986466,0.041228795,0.042471123,0.043713451,0.04495578,0.046198108,0.047440437,0.048682765,0.049925093,0.051167422,0.052227333,0.053149717,0.054072101,0.054994485,0.05591687,0.056839254,0.057761638,0.058684022,0.059606406,0.06052879,0.061451175,0.062373559,0.063295943,0.064218327,0.065140711,0.066063096,0.06698548,0.067907864,0.068830248,0.069752632,0.070675016,0.071597401,0.072519785
0.004181969,0.007116082,0.010050194,0.012984307,0.015918419,0.018852532,0.021786644,0.024720757,0.025901882,0.0261938,0.026268449,0.026343098,0.026417747,0.026492396,0.026567045,0.026641694,0.026716342,0.026790991,0.027181325,0.028569474,0.028773608,0.02885207,0.028930531,0.029008993,0.029087455,0.029165917,0.029244378,0.02932284,0.029401302,0.029479763,0.029558225,0.029636687,0.030094889,0.030795313,0.032037642,0.03327997,0.034522298,0.035764627,0.037006955,0.038249284,0.039491612,0.04073394,0.041976269,0.043218597,0.044460925,0.045703254,0.046945582,0.048187911,0.049430239,0.050672567,0.051496538,0.052026508,0.052654098,0.053576483,0.054498867,0.055421251,0.056343635,0.057266019,0.058188403,0.059110788,0.060033172,0.060955556,0.06187794,0.062800324,0.063722708,0.064645093,0.065567477,0.066489861,0.067412245,0.068334629,0.069257013,0.070179398,0.071101782,0.071798524,0.07248527
0.005852026,0.008786139,0.011720251,0.014654364,0.017588476,0.020522589,0.023285007,0.02439003,0.025495053,0.02587088,0.025945528,0.026020177,0.026094826,0.026169475,0.026244124,0.026318773,0.026393422,0.027160539,0.028548689,0.029936838,0.030277048,0.030355509,0.030433971,0.030512433,0.030590894,0.030669356,0.030747818,0.03082628,0.030904741,0.030983203,0.031287031,0.031757767,0.032228504,0.032827093,0.034069421,0.035311749,0.036554078,0.037796406,0.039038735,0.040281063,0.041523391,0.04276572,0.044008048,0.045250376,0.046492705,0.047735033,0.048977362,0.05021969,0.050856648,0.051386617,0.051916587,0.052446557,0.053006929,0.053929313,0.054851697,0.055774081,0.056696466,0.05761885,0.058541234,0.059463618,0.060386002,0.061308386,0.062230771,0.063153155,0.064075539,0.064997923,0.065920307,0.066842692,0.067765076,0.06868746,0.069446335,0.07013308,0.070819826,0.071506572,0.072193317
0.007522083,0.010456196,0.013390308,0.016324421,0.019258533,0.021773155,0.022878178,0.023983201,0.025088224,0.025547959,0.025622607,0.025697256,0.025771905,0.025846554,0.025921203,0.025995852,0.027139754,0.028527903,0.029916052,0.031304201,0.031780487,0.031858949,0.03193741,0.032015872,0.032094334,0.032172796,0.032251257,0.032329719,0.032479172,0.032949909,0.033420645,0.033891382,0.034362118,0.034858872,0.0361012,0.037343529,0.038585857,0.039828186,0.041070514,0.042312842,0.043555171,0.044797499,0.046039828,0.047282156,0.048524484,0.049686787,0.050216757,0.050746727,0.051276696,0.051806666,0.052336636,0.052866605,0.053396575,0.054282144,0.055204528,0.056126912,0.057049296,0.05797168,0.058894065,0.059816449,0.060738833,0.061661217,0.062583601,0.063505985,0.06442837,0.065350754,0.066273138,0.067094146,0.067780891,0.068467637,0.069154382,0.069841128,0.070527873,0.071214619,0.071901365
0.00919214,0.012126253,0.015060365,0.017994478,0.020261302,0.021366325,0.022471348,0.023576372,0.024681395,0.025225038,0.025299687,0.025374335,0.025448984,0.025523633,0.025730819,0.027118968,0.028507117,0.029895267,0.031283416,0.032671565,0.033283927,0.033362388,0.03344085,0.033519312,0.033597773,0.033676235,0.033754697,0.03414205,0.034612787,0.035083523,0.03555426,0.036024996,0.036495733,0.036966469,0.03813298,0.039375308,0.040617637,0.041859965,0.043102293,0.044344622,0.04558695,0.046829279,0.048071607,0.049046897,0.049576866,0.050106836,0.050636806,0.051166775,0.051696745,0.052226715,0.052756685,0.053286654,0.053816624,0.054634974,0.055557358,0.056479743,0.057402127,0.058324511,0.059246895,0.060169279,0.061091663,0.062014048,0.062936432,0.063858816,0.064741956,0.065428702,0.066115447,0.066802193,0.067488939,0.068175684,0.06886243,0.069549175,0.070235921,0.070922667,0.071609412
0.010862197,0.01379631,0.016730422,0.01874945,0.019854473,0.020959496,0.022064519,0.023169542,0.024274565,0.024902117,0.024976766,0.025051414,0.025126063,0.025710034,0.027098183,0.028486332,0.029874481,0.03126263,0.032650779,0.034038928,0.034787366,0.034865828,0.034944289,0.035022751,0.035101213,0.035334191,0.035804928,0.036275664,0.036746401,0.037217138,0.037687874,0.038158611,0.038629347,0.039100084,0.040164759,0.041407088,0.042649416,0.043891744,0.045134073,0.046376401,0.04761873,0.048407006,0.048936976,0.049466946,0.049996915,0.050526885,0.051056855,0.051586824,0.052116794,0.052646764,0.053176733,0.053706703,0.054236673,0.054987805,0.055910189,0.056832573,0.057754957,0.058677342,0.059599726,0.06052211,0.061444494,0.062366878,0.063076513,0.063763258,0.064450004,0.065136749,0.065823495,0.066510241,0.067196986,0.067883732,0.068570477,0.069257223,0.069943968,0.070630714,0.07131746
0.012532254,0.015466367,0.017237598,0.018342621,0.019447644,0.020552667,0.02165769,0.022762713,0.023867736,0.024579196,0.024653845,0.024728494,0.025689248,0.027077397,0.028465546,0.029853695,0.031241845,0.032629994,0.034018143,0.035406292,0.036290806,0.036369267,0.036447729,0.036526333,0.036997069,0.037467806,0.037938542,0.038409279,0.038880016,0.039350752,0.039821489,0.040292225,0.040762962,0.041233698,0.042196539,0.043438867,0.044681195,0.045923524,0.047165852,0.047767116,0.048297085,0.048827055,0.049357025,0.049886994,0.050416964,0.050946934,0.051476903,0.052006873,0.052536843,0.053066812,0.053596782,0.054126752,0.054656721,0.055340635,0.05626302,0.057185404,0.058107788,0.059030172,0.059952556,0.060724323,0.061411069,0.062097815,0.06278456,0.063471306,0.064158051,0.064844797,0.065531542,0.066218288,0.066905034,0.067591779,0.068278525,0.06896527,0.069652016,0.070338761,0.071025507
0.014202311,0.015725745,0.016830768,0.017935791,0.019040815,0.020145838,0.021250861,0.022355884,0.023460907,0.024256275,0.024330924,0.025668462,0.027056612,0.028444761,0.02983291,0.031221059,0.032609208,0.033997357,0.035385506,0.036773655,0.037794245,0.037872707,0.038189211,0.038659947,0.039130684,0.03960142,0.040072157,0.040542893,0.04101363,0.041484367,0.041955103,0.04242584,0.042896576,0.043367313,0.044228318,0.045470646,0.046597255,0.047127225,0.047657195,0.048187164,0.048717134,0.049247104,0.049777073,0.050307043,0.050837013,0.051366982,0.051896952,0.052426922,0.052956891,0.053486861,0.054016831,0.0545468,0.05507677,0.055693466,0.05661585,0.057538234,0.058372134,0.05905888,0.059745625,0.060432371,0.061119116,0.061805862,0.062492608,0.063179353,0.063866099,0.064552844,0.06523959,0.065926335,0.066613081,0.067299827,0.067986572,0.068673318,0.069360063,0.070046809,0.070733554
0.014188826,0.01529385,0.016398873,0.017503896,0.018608919,0.019713942,0.020818965,0.021923988,0.023029011,0.024195583,0.025583732,0.026971881,0.02836003,0.029748179,0.031136328,0.032524477,0.033912626,0.035300776,0.036688925,0.038077074,0.039286834,0.03975757,0.040228307,0.040699043,0.04116978,0.041640516,0.042111253,0.04258199,0.043052726,0.043523463,0.043994199,0.044464936,0.044935673,0.045406409,0.045969995,0.046499964,0.047029934,0.047559904,0.048089874,0.048619843,0.049149813,0.049679783,0.050209752,0.050739722,0.051269692,0.051799661,0.052329631,0.052859601,0.05338957,0.05391954,0.05444951,0.054979479,0.055509449,0.056022871,0.056709617,0.057396362,0.058083108,0.058769853,0.059456599,0.060143344,0.06083009,0.061516836,0.062203581,0.062890327,0.063577072,0.064263818,0.064950563,0.065637309,0.066324055,0.0670108,0.067697546,0.068384291,0.069071037,0.069757782,0.070444528
0.012608689,0.013713712,0.014818735,0.015923758,0.017028781,0.018133805,0.019238828,0.020343851,0.021442075,0.022569816,0.023957965,0.025346114,0.026734263,0.028122412,0.029510561,0.030898711,0.03228686,0.033675009,0.035063158,0.036123207,0.036996256,0.037466993,0.037937729,0.038408466,0.038879203,0.039349939,0.039820676,0.040291412,0.040762149,0.041232886,0.041703622,0.042174359,0.043032006,0.045178911,0.046981228,0.047511197,0.048041167,0.048571137,0.049101107,0.049631076,0.050161046,0.050691016,0.051220985,0.051750955,0.052280925,0.052810894,0.053340864,0.053870834,0.054400803,0.054930773,0.055460743,0.055717747,0.055837825,0.055957902,0.056554626,0.057241372,0.057928117,0.058614863,0.059301609,0.059988354,0.0606751,0.061361845,0.062048591,0.062735336,0.063422082,0.064108828,0.064795573,0.065482319,0.066169064,0.06685581,0.067542555,0.068229301,0.068916047,0.069602792,0.071342454
0.011028552,0.012133575,0.013238598,0.014343621,0.015448644,0.016553667,0.01765869,0.018753287,0.01984554,0.020944049,0.022332198,0.023720347,0.025108496,0.026496645,0.027884795,0.029272944,0.030661093,0.031990585,0.032884913,0.033779241,0.034673569,0.035176416,0.035647152,0.036117889,0.036588625,0.037059362,0.037530098,0.038000835,0.038471572,0.038942308,0.039490552,0.041637457,0.043784362,0.045931266,0.047992461,0.048522431,0.0490524,0.04958237,0.05011234,0.050642309,0.051172279,0.051702249,0.052232218,0.052762188,0.053292158,0.053822127,0.054352097,0.054882067,0.055320274,0.055440351,0.055560429,0.055680507,0.055800585,0.055920662,0.056399636,0.057086382,0.057773127,0.058459873,0.059146618,0.059833364,0.060520109,0.061206855,0.061893601,0.062580346,0.063267092,0.063953837,0.064640583,0.065327328,0.066014074,0.06670082,0.067387565,0.069257647,0.071351751,0.073445856,0.07553996
0.009448415,0.010553438,0.011658461,0.012763484,0.013868507,0.014972247,0.016064499,0.017156751,0.018249004,0.019341256,0.020706431,0.02209458,0.02348273,0.024870879,0.026259028,0.027647177,0.02875229,0.029646618,0.030540946,0.031435275,0.032329603,0.032885838,0.033356575,0.033827311,0.034298048,0.034768785,0.035239521,0.035710258,0.036180994,0.038096003,0.040242908,0.042389813,0.044536718,0.046683622,0.048830527,0.049533664,0.050063633,0.050593603,0.051123573,0.051653542,0.052183512,0.052713482,0.053243451,0.053773421,0.054303391,0.05483336,0.055042878,0.055162956,0.055283033,0.055403111,0.055523189,0.055643267,0.055763345,0.055883422,0.056244646,0.056931391,0.057618137,0.058304882,0.058991628,0.059678374,0.060365119,0.061051865,0.06173861,0.062425356,0.063112101,0.063798847,0.064485593,0.065172338,0.06717284,0.069266944,0.071361049,0.073455153,0.075549257,0.077643362,0.079737466
0.007868277,0.0089733,0.010078324,0.011183347,0.012283459,0.013375711,0.014467963,0.015560215,0.016652468,0.01774472,0.019080664,0.020468814,0.021856963,0.023245112,0.024619668,0.025513996,0.026408324,0.027302652,0.02819698,0.029091308,0.029985636,0.030595261,0.031065998,0.031536734,0.032007471,0.032478207,0.032948944,0.03455455,0.036701455,0.038848359,0.040995264,0.043142169,0.045289073,0.047435978,0.049582883,0.050544897,0.051074866,0.051604836,0.052134806,0.052664775,0.053194745,0.053724715,0.054254684,0.054645405,0.054765482,0.05488556,0.055005638,0.055125716,0.055245793,0.055365871,0.055485949,0.055606027,0.055726104,0.055846182,0.056089655,0.056776401,0.057463147,0.058149892,0.058836638,0.059523383,0.060210129,0.060896874,0.06158362,0.062270366,0.062993929,0.065088033,0.067182137,0.069276242,0.071370346,0.07346445,0.075558555,0.077652659,0.079746763,0.081840868,0.083934972
0.00628814,0.007393163,0.008498186,0.00959467,0.010686923,0.011779175,0.012871427,0.013963679,0.015055932,0.016148184,0.017454898,0.018843047,0.020231196,0.021381373,0.022275701,0.023170029,0.024064357,0.024958686,0.025853014,0.026747342,0.02764167,0.028304684,0.02877542,0.029246157,0.029716893,0.031013096,0.033160001,0.035306906,0.03745381,0.039600715,0.04174762,0.043894524,0.046041429,0.048188334,0.050335238,0.05155613,0.052086099,0.052616069,0.053146039,0.053676008,0.054205978,0.054368009,0.054488087,0.054608165,0.054728242,0.05484832,0.054968398,0.055088476,0.055208553,0.055328631,0.055448709,0.055568787,0.055688864,0.055808942,0.055934665,0.056621411,0.057308156,0.057994902,0.058681647,0.059368393,0.060055139,0.060909122,0.063003226,0.06509733,0.067191435,0.069285539,0.071379643,0.073473748,0.075567852,0.077661956,0.07975606,0.081850165,0.083944269,0.086038373,0.088132478
0.004708003,0.005813026,0.006905882,0.007998134,0.009090387,0.010182639,0.011274891,0.012367143,0.013459396,0.014551648,0.015829131,0.01721728,0.018143079,0.019037407,0.019931735,0.020826063,0.021720391,0.022614719,0.023509047,0.024403376,0.025297704,0.026014106,0.026484843,0.027471643,0.029618547,0.031765452,0.033912357,0.036059261,0.038206166,0.040353071,0.042499976,0.04464688,0.046793785,0.04894069,0.051087594,0.052567363,0.053097332,0.053627302,0.053970536,0.054090614,0.054210691,0.054330769,0.054450847,0.054570925,0.054691002,0.05481108,0.054931158,0.055051236,0.055171313,0.055291391,0.055411469,0.055531547,0.055651624,0.055771702,0.05589178,0.05646642,0.057153166,0.057839912,0.058824315,0.060918419,0.063012523,0.065106628,0.067200732,0.069294836,0.07138894,0.073483045,0.075577149,0.077671253,0.079765358,0.081859462,0.083953566,0.086047671,0.088141775,0.090235879,0.092329984
0.003124842,0.004217094,0.005309346,0.006401599,0.007493851,0.008586103,0.009678355,0.010770608,0.01186286,0.012955112,0.014010456,0.014904784,0.015799112,0.01669344,0.017587769,0.018482097,0.019376425,0.020270753,0.021165081,0.022059409,0.022953737,0.023930189,0.026077094,0.028223998,0.030370903,0.032517808,0.034664713,0.036811617,0.038958522,0.041105427,0.043252331,0.045399236,0.047546141,0.049693045,0.05183995,0.053573063,0.05369314,0.053813218,0.053933296,0.054053374,0.054173451,0.054293529,0.054413607,0.054533685,0.054653762,0.05477384,0.054893918,0.055013996,0.055134073,0.055254151,0.055374229,0.055494307,0.055614384,0.055734462,0.05585454,0.056739508,0.058833612,0.060927716,0.063021821,0.065115925,0.067210029,0.069304133,0.071398238,0.073492342,0.075586446,0.077680551,0.079774655,0.081868759,0.083962864,0.086056968,0.088151072,0.090245176,0.092339281,0.094433385,0.096527489
